,Latitude,Longitude
0,33.9930071,-118.2910178
1,34.0264881,-118.4090205
2,34.021536,-118.3550926
3,34.056251,-118.2920101
4,34.039966,-118.384595
5,34.0708137,-118.1759705
6,34.0471387,-118.2951391
7,34.0511115,-118.2845459
8,34.1090135,-118.369663
9,34.0165576,-118.2700323
10,34.1391268,-118.2003847
11,34.0300538,-118.4214902
12,33.9761297,-118.3726572
13,34.0866365,-118.1760208
14,34.0567893,-118.2279991
15,34.0389218,-118.2639456
16,34.1029234,-118.2584182
17,33.931331,-118.3088126
18,34.0421696,-118.310178
19,34.101393,-118.3429025
20,34.0838043,-118.3262374
21,34.0550051,-118.2732486
22,34.0656109,-118.27771
23,34.0238008,-118.2195391
24,34.0574777,-118.3013531
25,33.95006559999999,-118.2736522
26,33.9448082,-118.2448047
27,33.9829381,-118.4236752
28,33.9875329,-118.3297596
29,33.9849725,-118.2522576
30,34.0437381,-118.275525
31,34.1093238,-118.1927618
32,33.9739109,-118.2903921
33,34.04750250000001,-118.30012
34,33.9457499,-118.2963351
35,34.03133,-118.3346583
36,34.028338,-118.260675
37,34.1186307,-118.2605835
38,34.0512755,-118.3761496
39,33.92589,-118.2374036
40,34.0837046,-118.304139
41,34.0910532,-118.2992757
42,34.0551618,-118.2736751
43,34.0244103,-118.1938845
44,33.9764953,-118.2692464
45,34.0525624,-118.1888577
46,34.1140028,-118.2537913
47,34.120394,-118.227101
48,34.0395283,-118.3317775
49,34.1146042,-118.1809483
50,34.1361551,-118.1895508
51,34.0700012,-118.2909396
52,34.0969729,-118.2880171
53,34.0844797,-118.3271089
54,34.0435661,-118.4550592
55,34.0392954,-118.5539902
56,34.0505386,-118.3661917
57,34.0474505,-118.2996643
58,33.9782836,-118.3005539
59,33.9266627,-118.2376659
60,33.937877,-118.3093576
61,34.0498012,-118.2539457
62,34.0563648,-118.1765514
63,34.1072841,-118.1969775
64,34.031082,-118.416078
65,34.0447372,-118.2137503
66,34.0984395,-118.3619654
67,34.0551603,-118.3083861
68,34.1043367,-118.3097561
69,34.0872934,-118.3261728
70,34.0801248,-118.3095461
71,34.1044445,-118.3296842
72,34.0251577,-118.4113571
73,34.056116,-118.3652151
74,34.0398329,-118.4629766
75,34.0631287,-118.2974712
76,34.0553197,-118.4412499
77,34.0518732,-118.2930686
78,34.0742717,-118.3087515
79,34.0561655,-118.1770924
80,34.05415360000001,-118.2776489
81,34.1120578,-118.2496244
82,34.091182,-118.3051692
83,34.0572677,-118.2837694
84,34.0227333,-118.1672007
85,33.947142,-118.2655009
86,33.9782684,-118.252158
87,34.0651524,-118.25995
88,34.1275904,-118.4437934
89,34.0469115,-118.275799
90,34.041858,-118.4412042
91,34.041858,-118.4412042
92,34.1390243,-118.2090069
93,34.0238225,-118.1816739
94,34.0201101,-118.3091178
95,34.04115,-118.2377222
96,33.9447444,-118.2871264
97,34.0477132,-118.4610817
98,34.05982940000001,-118.3832191
99,34.0546958,-118.3844744
100,34.0553667,-118.2616387
101,34.098382,-118.320031
102,34.0794703,-118.2613418
103,34.1194353,-118.1786983
104,34.0656067,-118.2471346
105,33.9456175,-118.3081018
106,34.0693644,-118.2153714
107,34.00401799999999,-118.2519931
108,34.071556,-118.2158
109,34.107979,-118.272672
110,34.1059211,-118.3175467
111,34.125192,-118.2648247
112,34.0203888,-118.3561473
113,34.0641897,-118.224
114,34.0174391,-118.1630323
115,34.0345386,-118.2863271
116,33.9522981,-118.3767761
117,34.0790899,-118.2141868
118,34.1168407,-118.261696
119,34.0390561,-118.4414552
120,34.0390561,-118.4414552
121,33.9829315,-118.3309187
122,34.1186036,-118.1934535
123,33.8757654,-118.2825533
124,34.0636731,-118.2554886
125,34.02581869999999,-118.2641748
126,33.9476173,-118.3866426
127,33.9476173,-118.3866426
128,34.1076393,-118.2715739
129,33.9924317,-118.2567338
130,34.0729877,-118.3697919
131,34.08941739999999,-118.3089537
132,34.0112854,-118.1312461
133,34.0048774,-118.4334459
134,34.0048774,-118.4334459
135,34.0679664,-118.2907574
136,34.070638,-118.3529292
137,34.0834925,-118.3718861
138,34.0596811,-118.4425851
139,34.0542267,-118.382317
140,34.066208,-118.2145877
141,34.0628584,-118.3459733
142,34.0976599,-118.3429957
143,33.977612,-118.370813
144,34.0786946,-118.3437521
145,34.0175103,-118.1652285
146,33.9740489,-118.247996
147,33.958205,-118.418582
148,34.0164736,-118.2416942
149,34.0861207,-118.2914512
150,34.051706,-118.3698296
151,34.112749,-118.2414011
152,34.05469370000001,-118.3819634
153,34.0219087,-118.3718307
154,34.0522138,-118.4736871
155,34.1021654,-118.3062854
156,33.970414,-118.380158
157,34.0516153,-118.26658
158,34.0913087,-118.2782655
159,33.9916314,-118.4213225
160,34.0639399,-118.2387285
161,34.0906505,-118.304785
162,34.0220721,-118.1636305
163,34.0592679,-118.2737318
164,34.03927,-118.2232821
165,34.1093108,-118.2871367
166,34.1099974,-118.1988168
167,34.0346819,-118.2947309
168,34.0693109,-118.1947845
169,34.0628023,-118.3507605
170,34.0952869,-118.2962648
171,33.9940062,-118.273401
172,34.1004489,-118.2919735
173,34.0178978,-118.1983966
174,34.047822,-118.3394043
175,33.9464042,-118.3844515
176,33.9942384,-118.4172459
177,33.9598784,-118.2547637
178,33.9662596,-118.3087226
179,34.0256017,-118.2133478
180,34.0837281,-118.3228394
181,34.0254372,-118.3318194
182,34.0030394,-118.2823763
183,34.0492876,-118.4370455
184,34.0492876,-118.4370455
185,34.075344,-118.323991
186,33.940186,-118.2960097
187,34.1150318,-118.1822051
188,34.0719421,-118.3602568
189,33.9804898,-118.2836438
190,34.0220495,-118.3543585
191,34.0284445,-118.1817002
192,34.0214357,-118.1661745
193,33.9889613,-118.2480026
194,34.0734426,-118.2102178
195,34.0848981,-118.2222349
196,34.08899299999999,-118.169911
197,34.0418125,-118.2404646
198,34.0418125,-118.2404646
199,34.0209508,-118.2620488
200,34.0691505,-118.3444142
201,34.0532598,-118.2032493
202,34.0628064,-118.4480831
203,33.9431985,-118.2662501
204,33.9731093,-118.2469976
205,34.05733670000001,-118.2696201
206,33.9535101,-118.2957356
207,34.0493175,-118.3592205
208,34.1290149,-118.2638085
209,34.0172817,-118.2552796
210,33.9454682,-118.3171032
211,33.9931501,-118.2519379
212,33.99438689999999,-118.41755
213,34.0813352,-118.2547513
214,34.08320399999999,-118.2920516
215,34.0237639,-118.1864364
216,33.9350047,-118.2387057
217,34.0272627,-118.1990224
218,33.9749019,-118.3305335
219,34.0250403,-118.2788365
220,34.0513416,-118.258601
221,33.974879,-118.329581
222,34.0536203,-118.4673263
223,34.1171443,-118.2613766
224,34.054893,-118.2765299
225,34.07589,-118.254571
226,34.04207,-118.2808462
227,34.0734458,-118.2081941
228,34.0765141,-118.3032819
229,34.0657222,-118.3083861
230,34.0627223,-118.3501213
231,33.9575184,-118.3095035
232,34.0466324,-118.2551748
233,34.0844373,-118.3191466
234,33.9602542,-118.3094136
235,34.0612932,-118.2392311
236,33.958041,-118.2475001
237,34.1034757,-118.3383644
238,34.0868782,-118.3437293
239,34.0501008,-118.1966559
240,33.997257,-118.4221975
241,34.0613889,-118.2793899
242,34.0357103,-118.1906237
243,34.0327688,-118.4531413
244,34.0370725,-118.203295
245,34.0313635,-118.2377783
246,33.9412971,-118.2734695
247,34.0288629,-118.4121843
248,34.0052055,-118.2557651
249,34.0038155,-118.3111873
250,34.0374824,-118.4381697
251,34.0762678,-118.3619571
252,34.078247,-118.2795593
253,33.9808481,-118.3311151
254,33.9603518,-118.2936119
255,34.0847463,-118.2747996
256,34.0590031,-118.418866
257,34.0082168,-118.4247065
258,34.0906353,-118.2863271
259,34.0771497,-118.1947204
260,34.0225526,-118.2393845
261,34.04453580000001,-118.2135306
262,34.1011802,-118.292678
263,34.0791089,-118.2782655
264,34.0826097,-118.1892408
265,33.9597921,-118.306491
266,33.9677823,-118.2377202
267,34.0576847,-118.2977468
268,34.0899499,-118.3085885
269,33.9389674,-118.2295046
270,33.9631941,-118.4217886
271,33.9314355,-118.2781184
272,34.0551138,-118.3231362
273,34.051477,-118.2567737
274,34.120233,-118.201905
275,33.946603,-118.277805
276,34.0449213,-118.2410813
277,33.972946,-118.236942
278,34.0481483,-118.21126
279,33.8318592,-118.3071302
280,34.0756807,-118.3616949
281,34.0756807,-118.3616949
282,34.0041038,-118.4213761
283,34.0281736,-118.4521068
284,34.0202638,-118.3347797
285,34.058052,-118.3073814
286,33.9996057,-118.2654868
287,34.0186699,-118.1895016
288,34.036962,-118.268367
289,34.108086,-118.271641
290,34.0534386,-118.4405426
291,34.0534386,-118.4405426
292,34.0652331,-118.2464866
293,34.0976517,-118.3612155
294,34.0976517,-118.3612155
295,34.0586027,-118.3459665
296,34.0152348,-118.3346685
297,34.0654601,-118.2386253
298,34.0303106,-118.4488538
299,34.0225779,-118.4102402
300,34.04031,-118.3395099
301,34.0512579,-118.189083
302,34.0347728,-118.2842864
303,34.0438452,-118.2509364
304,33.9964494,-118.2606927
305,34.0551215,-118.3907729
306,34.0853797,-118.1792116
307,34.0371019,-118.195337
308,34.0443471,-118.2522792
309,33.9271548,-118.2784482
310,34.0473496,-118.257596
311,34.0502718,-118.2917977
312,34.0637051,-118.3095849
313,34.0224374,-118.1679027
314,33.9170224,-118.3088885
315,33.9750152,-118.2466866
316,34.0611309,-118.2143302
317,34.048971,-118.3581039
318,34.1020007,-118.3150991
319,33.9232244,-118.2540785
320,34.038014,-118.3776271
321,34.0037579,-118.2452464
322,34.0397936,-118.1863389
323,34.1152155,-118.1827535
324,34.0447583,-118.3280222
325,33.92925140000001,-118.2522854
326,34.085977,-118.177616
327,33.9411317,-118.3093223
328,34.0434786,-118.3052015
329,34.025425,-118.3237755
330,34.0634463,-118.3624025
331,33.9629809,-118.2780818
332,34.052428,-118.3049306
333,34.0732105,-118.251615
334,34.0522795,-118.3083861
335,34.0573748,-118.3613258
336,34.0858984,-118.291414
337,34.0204942,-118.4220868
338,34.0831161,-118.2955301
339,33.9829381,-118.4236752
340,34.0574106,-118.2715147
341,34.1068639,-118.203781
342,34.0434635,-118.1778278
343,34.0237121,-118.1712993
344,34.0054119,-118.2654758
345,34.0666569,-118.2380014
346,34.0540704,-118.3808305
347,34.0540704,-118.3808305
348,34.056135,-118.2892718
349,34.0771897,-118.168517
350,34.0701952,-118.3607698
351,34.08922330000001,-118.2689931
352,34.0719421,-118.3602568
353,34.0719421,-118.3602568
354,33.9458957,-118.2539052
355,34.0251544,-118.3049552
356,34.0175453,-118.1491626
357,34.0415296,-118.1918935
358,34.0337505,-118.1516938
359,33.9881649,-118.3286782
360,33.9744687,-118.2463737
361,34.1005415,-118.2913684
362,34.0611873,-118.4469309
363,34.1335589,-118.2689135
364,34.0656365,-118.2150876
365,34.0403611,-118.1880149
366,34.0322517,-118.4532103
367,34.0423765,-118.3645843
368,33.9748188,-118.3222914
369,34.0266375,-118.2190822
370,34.057952,-118.30014
371,34.0470221,-118.2173345
372,34.0332179,-118.1571791
373,34.0940965,-118.3390949
374,34.0438051,-118.3581795
375,33.9594839,-118.3851362
376,34.0591511,-118.2641886
377,34.028317,-118.218818
378,34.0696481,-118.2141246
379,34.0067395,-118.2476143
380,34.0494496,-118.1887354
381,34.043777,-118.321675
382,34.040344,-118.287963
383,34.0638019,-118.2950963
384,34.0379181,-118.2430904
385,34.0502959,-118.2428859
386,34.1198092,-118.1994665
387,34.1336249,-118.2680571
388,34.0858861,-118.275276
389,34.1199696,-118.3215751
390,33.903502,-118.2911772
391,34.09553,-118.2876288
392,33.9893022,-118.3242769
393,34.0842283,-118.3387912
394,33.9883617,-118.2895983
395,34.0459329,-118.1900363
396,33.9600372,-118.4191278
397,34.0657534,-118.2538657
398,34.1138273,-118.2360885
399,34.0185377,-118.2061158
400,34.0461614,-118.2710258
401,33.9748796,-118.2409341
402,33.9706127,-118.2479341
403,34.0359305,-118.179257
404,33.953843,-118.2779458
405,34.0734921,-118.2109673
406,34.0836251,-118.3417888
407,34.0421871,-118.2073619
408,34.0692972,-118.174882
409,33.9586301,-118.3088717
410,34.0193279,-118.181154
411,33.9812255,-118.2481853
412,34.0723086,-118.2736065
413,34.0216599,-118.4024593
414,33.9478805,-118.3004884
415,34.0692278,-118.2986824
416,34.0060855,-118.4464062
417,34.0525729,-118.2036086
418,33.9776549,-118.3870054
419,34.0172009,-118.3043901
420,34.097876,-118.3548889
421,34.1410828,-118.2240827
422,34.1410828,-118.2240827
423,34.0999583,-118.2595603
424,34.0452687,-118.4526055
425,34.0037423,-118.2871704
426,34.0562795,-118.2072308
427,34.0485929,-118.2020312
428,34.0259979,-118.309231
429,34.0550369,-118.3949957
430,34.0079556,-118.2829233
431,34.0541283,-118.3820322
432,34.0764931,-118.2962609
433,34.0349764,-118.449258
434,33.9790634,-118.371521
435,33.9562547,-118.3978713
436,34.06996760000001,-118.3435467
437,34.0449181,-118.4669613
438,34.0524507,-118.4178931
439,34.0548658,-118.3979122
440,33.9877342,-118.3108661
441,34.0634119,-118.44373
442,33.8098435,-118.2893852
443,34.0970089,-118.3077629
444,34.0985099,-118.3484549
445,34.0407401,-118.205694
446,34.0683321,-118.2905747
447,34.0320489,-118.2910958
448,34.0600185,-118.3084775
449,34.1022552,-118.3082385
450,34.0569663,-118.2703863
451,34.1052916,-118.2001191
452,34.0605395,-118.2395767
453,34.13908,-118.20308
454,34.0235742,-118.2651332
455,34.0086612,-118.3347474
456,34.0555854,-118.3947218
457,34.0148021,-118.308546
458,34.0317963,-118.3319034
459,34.0452393,-118.3458981
460,34.0452393,-118.3458981
461,33.9544489,-118.300553
462,34.050391,-118.1983761
463,33.9307485,-118.2934007
464,34.052917,-118.30945
465,34.002966,-118.2654224
466,34.0942568,-118.336538
467,33.9389002,-118.2649511
468,34.0701505,-118.2685212
469,34.0201218,-118.2673574
470,33.9709031,-118.239333
471,33.9933427,-118.3173188
472,34.0164908,-118.4118967
473,34.0102037,-118.2742235
474,33.9372706,-118.2736294
475,34.0470819,-118.4493721
476,34.0474904,-118.3278493
477,33.9804009,-118.2911513
478,33.9650432,-118.236052
479,34.098189,-118.330201
480,33.9402012,-118.3087971
481,34.1375228,-118.1874378
482,33.9061901,-118.3615807
483,34.0021944,-118.2868059
484,33.9563893,-118.2785521
485,34.03645530000001,-118.1868102
486,34.0982664,-118.3504649
487,34.1213905,-118.2051229
488,34.0575208,-118.4247317
489,34.0959034,-118.2775143
490,34.1021845,-118.2590777
491,33.8569067,-118.3003236
492,34.0715827,-118.2826047
493,34.13982,-118.201276
494,34.0692041,-118.2981796
495,34.0528043,-118.4669157
496,34.0860526,-118.224588
497,34.0241526,-118.1846273
498,34.0692323,-118.3033854
499,34.0483169,-118.3499844
500,33.9845419,-118.2415047
501,34.06218930000001,-118.3137977
502,34.0581254,-118.2720296
503,34.0318179,-118.3559653
504,33.9689791,-118.2735362
505,33.9811971,-118.2561798
506,34.0290336,-118.1692077
507,34.010502,-118.3005996
508,33.9150466,-118.2646379
509,34.0425968,-118.2814712
510,33.9742502,-118.3158298
511,34.0709268,-118.2791576
512,34.0415608,-118.2142226
513,33.9384449,-118.2829256
514,34.0731793,-118.3732953
515,33.9917903,-118.4222204
516,34.0756788,-118.2556088
517,34.0452418,-118.1760388
518,34.0370252,-118.1939043
519,34.076188,-118.2995846
520,34.0457471,-118.1934606
521,34.0910049,-118.292613
522,34.034963,-118.284386
523,34.1065506,-118.1994462
524,34.02779090000001,-118.2001191
525,34.0721622,-118.27332
526,33.8133675,-118.2980254
527,33.9801347,-118.2475533
528,34.0359864,-118.2328349
529,34.0486789,-118.240377
530,34.0486789,-118.240377
531,34.0518159,-118.3765942
532,33.9892586,-118.3513312
533,34.0832689,-118.309642
534,34.0191033,-118.1831671
535,34.0560904,-118.2677706
536,34.0335989,-118.2809629
537,34.0771757,-118.2567013
538,33.9610911,-118.4191398
539,33.9610911,-118.4191398
540,34.0443431,-118.1778222
541,34.0259845,-118.1700338
542,34.0259845,-118.1700338
543,33.959899,-118.240992
544,34.0257315,-118.196966
545,34.0836953,-118.3107746
546,34.0965113,-118.3266646
547,34.0217829,-118.1920888
548,33.9987395,-118.2481397
549,34.030926,-118.4208694
550,34.0572178,-118.4156257
551,34.050655,-118.2487951
552,34.0610904,-118.3022665
553,33.916822,-118.273475
554,34.0156044,-118.2507665
555,33.9790314,-118.2562615
556,34.0934173,-118.1615614
557,33.9746005,-118.2522426
558,33.9705007,-118.3789454
559,34.0158082,-118.4129102
560,34.0688089,-118.302198
561,34.0031062,-118.4354567
562,34.0139787,-118.256728
563,34.0668955,-118.2212747
564,34.0263875,-118.14453
565,34.1218203,-118.2242289
566,34.0799272,-118.2693438
567,34.0593743,-118.3094398
568,34.0675779,-118.2589522
569,34.0956135,-118.2279576
570,33.952043,-118.2778885
571,34.0350218,-118.4387299
572,34.0797306,-118.3047555
573,33.9681009,-118.2333611
574,34.109633,-118.2430687
575,34.0477589,-118.2505905
576,34.0581256,-118.2845002
577,33.9827337,-118.2692215
578,33.979496,-118.240858
579,34.0327378,-118.3620391
580,34.0596797,-118.2895765
581,34.1019426,-118.3181242
582,34.0249151,-118.2522055
583,34.1190488,-118.1932701
584,34.0527486,-118.2524877
585,34.0136388,-118.1433581
586,34.0673509,-118.3736328
587,34.1021086,-118.3038421
588,34.0284428,-118.192111
589,34.0761652,-118.3013882
590,33.9373909,-118.2327777
591,33.9745846,-118.2417728
592,34.017489,-118.2378233
593,34.0969323,-118.2079788
594,34.0470122,-118.3114188
595,34.0164337,-118.1803606
596,34.0329705,-118.1942219
597,34.0530688,-118.319321
598,34.0185128,-118.3177249
599,34.0027192,-118.2742689
600,34.0281291,-118.1891038
601,34.0537624,-118.2124111
602,33.959591,-118.393716
603,34.049994,-118.277078
604,33.95634769999999,-118.2829417
605,34.0357066,-118.1820109
606,33.9539956,-118.2589207
607,33.9378095,-118.2828463
608,34.0301652,-118.401407
609,34.03899180000001,-118.3285701
610,34.076403,-118.2164341
611,34.0496734,-118.2402369
612,34.1409207,-118.2250677
613,33.9693424,-118.4054568
614,34.0397959,-118.3006768
615,34.0734489,-118.1635122
616,34.0183075,-118.2100215
617,33.9772671,-118.3086373
618,34.0725285,-118.2922077
619,34.0572846,-118.3067332
620,34.0719421,-118.3602568
621,34.0975817,-118.344518
622,34.0975783,-118.3375653
623,33.9844248,-118.2417446
624,33.9862167,-118.2737443
625,34.0264964,-118.2634055
626,33.999462,-118.2912603
627,34.0490708,-118.1912766
628,34.0263095,-118.2294082
629,34.0458178,-118.2607077
630,33.9436064,-118.2960497
631,34.0328662,-118.3504181
632,34.0906157,-118.3308631
633,34.0135133,-118.2797528
634,34.0579291,-118.1964692
635,33.9854594,-118.4245706
636,33.9617687,-118.2654301
638,34.08333,-118.3214716
639,34.0626995,-118.3495735
640,34.0626995,-118.3495735
641,34.0006348,-118.4642119
642,34.0006348,-118.4642119
643,34.0220956,-118.4017966
644,34.0220956,-118.4017966
645,34.039804,-118.4644063
646,34.039804,-118.4644063
647,34.022802,-118.2922604
648,34.022802,-118.2922604
649,34.03663179999999,-118.4375765
650,34.03663179999999,-118.4375765
651,33.9169304,-118.2547764
652,33.9169304,-118.2547764
653,34.0475393,-118.3047783
654,34.0475393,-118.3047783
655,34.088052,-118.309768
656,34.088052,-118.309768
657,34.0406314,-118.2130508
658,34.0406314,-118.2130508
659,34.0748283,-118.2207271
660,34.0273617,-118.2418386
661,34.0273617,-118.2418386
662,34.0698456,-118.2783302
663,34.1117332,-118.1878541
664,34.1117332,-118.1878541
665,34.0836606,-118.3006536
666,34.0691537,-118.2943167
667,34.1014932,-118.3007366
668,34.0437022,-118.44198
669,33.9553581,-118.2647906
670,34.0629386,-118.3652293
671,34.040748,-118.1821278
672,33.9841592,-118.2654301
673,34.0440987,-118.4213761
674,34.0910306,-118.3139004
675,34.0269023,-118.2239712
676,33.999227,-118.4639729
677,34.0132746,-118.2608395
678,34.003886,-118.2957366
679,34.0261696,-118.430742
680,34.0390642,-118.2080159
681,33.9563949,-118.2541927
682,34.0178018,-118.1577516
683,34.0622875,-118.1975373
684,34.0988449,-118.3449621
685,34.0156911,-118.3044215
686,34.0930557,-118.2249078
687,34.0277387,-118.2013758
688,33.9886394,-118.3333335
689,34.035178,-118.2180239
690,33.9933949,-118.3184186
691,34.0329705,-118.1673242
692,34.0465968,-118.2557629
693,34.0415341,-118.247727
694,34.0040802,-118.2437602
695,33.9641988,-118.3092538
696,34.0450144,-118.2243138
697,34.1056865,-118.2565092
698,34.0665421,-118.2709801
699,33.9673156,-118.2346604
700,34.0839729,-118.2604516
701,34.008101,-118.3353724
702,34.0332401,-118.3821121
703,34.0622696,-118.4437742
704,34.0036847,-118.2698228
705,34.0468929,-118.2730608
706,33.9329713,-118.2539643
707,34.0470481,-118.1960292
708,34.003555,-118.271484
709,33.9749549,-118.2507665
710,33.9936869,-118.2786449
711,34.0701114,-118.219779
712,34.0603431,-118.4144084
713,34.0976043,-118.365233
714,34.0837811,-118.3520214
715,33.9811453,-118.3085003
716,33.9676398,-118.2492516
717,34.0667678,-118.2052203
718,34.0515409,-118.2068961
719,34.0905783,-118.3240723
720,34.0709885,-118.2508692
721,34.0439855,-118.4322403
722,34.0484629,-118.4429397
723,34.0412537,-118.2520927
724,34.0321605,-118.2116115
725,34.0397839,-118.2590196
726,34.0623629,-118.4442638
727,33.9831394,-118.2693628
728,34.0446591,-118.2020004
729,33.831835,-118.306753
730,34.0001123,-118.2562086
731,34.0686715,-118.2636486
732,34.0482582,-118.2570021
733,34.0976968,-118.355212
734,33.9886313,-118.3448725
735,34.105551,-118.316553
736,34.0132958,-118.1413769
737,34.078628,-118.166379
738,34.0403432,-118.1836241
739,34.0322149,-118.3610119
740,34.0623882,-118.2908777
741,34.0290602,-118.4103087
742,34.040096,-118.329991
743,33.998259,-118.41484
744,33.9824892,-118.2514745
745,33.9889963,-118.2933083
746,34.0997126,-118.4434792
747,34.0524127,-118.2719177
748,34.0422178,-118.1645408
749,34.1003784,-118.3260586
750,34.0580222,-118.2936529
751,33.9161327,-118.2693118
752,34.0805753,-118.3616325
753,34.046598,-118.3235928
754,34.0323024,-118.3492164
755,34.0324248,-118.300011
756,34.0017051,-118.2780143
757,34.0785643,-118.2031303
758,34.0470906,-118.2913118
759,34.0992736,-118.2490762
760,34.0814345,-118.3276112
761,34.0481643,-118.2767126
762,34.0573909,-118.252832
763,34.0296634,-118.1488856
764,33.9475417,-118.2829702
765,34.1057433,-118.2725302
766,34.0379965,-118.3484467
767,34.0754235,-118.2165692
768,34.0754235,-118.2165692
769,34.1185711,-118.1962806
770,34.0154121,-118.2646308
771,33.9598302,-118.2684678
772,34.0314831,-118.2082987
773,34.0531817,-118.4709763
774,34.0203641,-118.4223255
775,34.0431082,-118.3773304
776,33.9557458,-118.3977596
777,34.0547525,-118.3983517
778,34.0755018,-118.3759341
779,34.1023128,-118.3427565
780,34.1234888,-118.2202245
781,34.0615204,-118.1757051
782,34.02416,-118.259294
783,34.0040013,-118.2924016
784,34.040474,-118.2553119
785,34.040474,-118.2553119
786,34.0469932,-118.2877678
787,33.9453562,-118.2647355
788,34.0404481,-118.3088035
789,34.0913296,-118.3270632
790,34.0918998,-118.2903921
791,34.0728602,-118.275004
792,34.0550449,-118.3866046
793,33.9319926,-118.2653334
794,34.0224113,-118.252037
795,33.9597921,-118.306491
796,34.1034241,-118.2584228
797,33.988794,-118.2896409
798,33.9447879,-118.2446768
799,34.0702236,-118.3610993
800,33.9776819,-118.3736004
801,34.0179344,-118.1990791
802,34.0268278,-118.4273
803,34.1110626,-118.1891516
804,34.0427798,-118.3101498
805,34.086765,-118.3269262
806,34.047339,-118.339467
807,34.0223299,-118.3561479
808,33.9159584,-118.2638148
809,34.0047777,-118.4331957
810,34.13724,-118.188786
811,34.1360475,-118.2165323
812,33.9892854,-118.3545043
813,34.0187067,-118.3359216
814,34.0739574,-118.2147415
815,34.0271101,-118.3928048
816,34.1034994,-118.3301392
817,34.0620302,-118.3081121
818,34.045699,-118.4658417
819,33.9595427,-118.3967302
820,34.0643397,-118.2493274
821,34.0534057,-118.241545
822,34.0525643,-118.287028
823,33.9625183,-118.3093802
824,34.0469744,-118.3088664
825,34.1014603,-118.309505
826,33.9599962,-118.2353138
827,33.9599962,-118.2353138
828,34.0410448,-118.2033755
829,34.0410448,-118.2033755
830,34.1016293,-118.2871493
831,34.0336865,-118.4488212
832,34.0086142,-118.1315235
833,34.0711634,-118.3770723
834,34.0536465,-118.3790879
835,34.0739994,-118.2121543
836,34.0802671,-118.2606337
837,34.0631235,-118.2986129
838,33.8865366,-118.291237
839,33.9690118,-118.4064429
840,34.1139174,-118.2184197
841,34.0238466,-118.2036606
842,33.9672359,-118.2392336
843,33.9386887,-118.2866697
844,33.9249566,-118.2693357
845,34.0056293,-118.292018
846,34.040072,-118.3390611
847,34.0449684,-118.2668234
848,34.0002039,-118.3189752
849,34.0487049,-118.4409417
850,34.0647399,-118.4510718
851,34.0535263,-118.4647405
852,34.0532266,-118.1975487
853,34.088488,-118.2688756
854,34.1175098,-118.2423605
855,34.0038571,-118.434154
856,34.0407498,-118.3482799
857,34.0764366,-118.2966776
858,34.0644462,-118.2920363
859,34.0039934,-118.3036671
860,34.062631,-118.3479298
861,34.1383186,-118.2152898
862,34.0516865,-118.36626
863,34.0983138,-118.3086944
864,34.0388732,-118.3600145
865,34.0777036,-118.2664598
866,34.034742,-118.2568438
867,34.0734237,-118.3793161
868,34.1117383,-118.334775
869,34.1084165,-118.2008274
870,34.0322092,-118.3619772
871,34.0253874,-118.3403649
872,34.024558,-118.2649111
873,34.0917651,-118.2800174
874,33.9441411,-118.2654301
875,34.0527336,-118.2825362
876,34.0906322,-118.3006755
877,34.04962630000001,-118.1956756
878,34.0394582,-118.3441402
879,34.1015561,-118.3112881
880,34.0919986,-118.2037701
881,33.9615241,-118.4061554
882,34.0554717,-118.1788574
883,34.0554717,-118.1788574
884,34.0977848,-118.3002163
885,33.9686131,-118.2566455
886,34.0041193,-118.2549976
887,34.0106566,-118.3237562
888,33.9167617,-118.3087286
889,34.0812739,-118.3144613
890,34.0523743,-118.2206288
891,33.8311468,-118.3054022
892,33.8627885,-118.2988641
893,33.9931158,-118.2869106
894,34.0833384,-118.3138433
895,34.0227992,-118.2798382
896,34.0864299,-118.2871493
897,34.043562,-118.2542437
898,33.9875371,-118.4161828
899,34.063371,-118.30942
900,33.9676129,-118.2388011
901,33.8318873,-118.2989463
902,34.0390568,-118.2611995
903,34.0507111,-118.1991894
904,34.043518,-118.283085
905,34.0338616,-118.4495678
906,33.953042,-118.2871554
907,34.076578,-118.3110643
908,34.0173498,-118.1408505
909,34.0758603,-118.3490027
910,34.0044352,-118.4216499
911,33.9749078,-118.2999602
912,34.0664767,-118.1804866
913,34.02937120000001,-118.4510376
914,34.02937120000001,-118.4510376
915,34.0266642,-118.4270459
916,34.0741508,-118.2074533
917,34.1058224,-118.1994337
918,34.0556764,-118.2754099
919,33.817472,-118.3082948
920,34.0545841,-118.2809781
921,34.0583293,-118.4441474
922,33.9709954,-118.2778316
923,34.0450321,-118.1920818
924,34.0464058,-118.2836781
925,33.9956124,-118.4256431
926,34.04765280000001,-118.4905284
927,34.0201039,-118.2575496
928,33.9860691,-118.282794
929,34.0452445,-118.25482
930,34.0474034,-118.2488706
931,34.025085,-118.2122055
932,34.034786,-118.2152212
933,34.0720748,-118.3618536
934,34.0377346,-118.2493125
935,34.0497325,-118.2684221
936,34.0656623,-118.2910799
937,34.1161595,-118.464452
938,34.0007155,-118.2779907
939,34.049639,-118.4600563
940,34.1199846,-118.198425
941,34.042373,-118.2504238
942,33.9307631,-118.2924634
943,33.990097,-118.3087286
944,34.069255,-118.3063327
945,34.0237055,-118.191825
946,34.0546504,-118.1870603
947,34.0189165,-118.1699682
948,34.006028,-118.2868242
949,34.1144981,-118.1822406
950,34.1311748,-118.2167199
951,34.0738183,-118.2520421
952,34.0226229,-118.4380468
953,33.9260543,-118.2823246
954,34.0470791,-118.2945254
955,34.017289,-118.219358
956,34.0198923,-118.1579305
957,34.0519254,-118.2910033
958,34.075447,-118.3568305
959,34.0667702,-118.2697539
960,33.9844862,-118.2873049
961,34.0190499,-118.3752903
962,34.0254209,-118.2626002
963,34.0649589,-118.2660202
964,34.0905842,-118.2946167
965,34.0448397,-118.2499515
966,34.06572269999999,-118.210035
967,34.026338,-118.2586238
968,34.0486332,-118.3330798
969,34.0527353,-118.3158798
970,34.0250857,-118.1925562
971,34.0402068,-118.2103673
972,34.0634119,-118.44373
973,34.0770836,-118.3762805
974,34.0253202,-118.3115411
975,34.0259571,-118.3180559
976,34.045011,-118.2562253
977,33.9598757,-118.2744744
978,34.0685335,-118.3443229
979,33.8319169,-118.3087849
980,34.0866156,-118.1783304
981,33.9742709,-118.3037964
982,34.0778825,-118.2637089
983,34.0715955,-118.2508709
984,33.9375529,-118.2767582
985,34.0502959,-118.2428859
986,34.0502959,-118.2428859
987,34.0687778,-118.3101756
988,34.018322,-118.166723
989,33.9696808,-118.3311891
990,34.02098670000001,-118.2541777
991,34.051806,-118.2634422
992,33.9724318,-118.2560771
993,34.0058624,-118.24992
994,34.040797,-118.1668661
995,34.04427,-118.2573582
996,34.054268,-118.3214492
997,34.0691994,-118.301198
998,34.0911785,-118.3094658
999,34.0233535,-118.2183641
1000,33.9531402,-118.256835
1001,34.0404215,-118.1731631
1002,33.9872567,-118.3000192
1003,33.9476332,-118.2736065
1004,34.044367,-118.3266751
1005,34.1233727,-118.1855707
1006,34.0765177,-118.300939
1007,34.0110977,-118.3167399
1008,34.0110977,-118.3167399
1009,34.0866358,-118.1764823
1010,34.0419335,-118.4611343
1011,33.9749411,-118.2448926
1012,34.0492459,-118.2617532
1013,34.0316335,-118.4003347
1014,33.9531122,-118.2418473
1015,33.9313506,-118.3705231
1016,34.08744,-118.2754813
1017,33.9709237,-118.2823763
1018,34.0476185,-118.2845915
1019,34.0484992,-118.3415833
1020,34.0303588,-118.4165552
1021,34.0852492,-118.1664135
1022,34.0204089,-118.4048305
1023,34.0371755,-118.3884342
1024,33.9293814,-118.3105782
1025,33.9981498,-118.2522898
1026,34.0626196,-118.2725712
1027,34.04399470000001,-118.1733826
1028,34.0473451,-118.2624974
1029,34.0473451,-118.2624974
1030,34.0189904,-118.2478508
1031,34.09059000000001,-118.291063
1032,34.0910319,-118.3378393
1033,34.1054768,-118.3182272
1034,33.9802822,-118.309231
1035,34.0122478,-118.1596157
1036,34.0922756,-118.2041885
1037,34.0012457,-118.2523269
1038,34.085527,-118.2866258
1039,34.0982114,-118.3268891
1040,34.03472410000001,-118.2168776
1041,33.9888389,-118.2406197
1042,34.0819181,-118.2870351
1043,34.0984371,-118.3608731
1044,34.0578989,-118.2914339
1045,33.9746034,-118.2572287
1046,34.032908,-118.2966263
1047,34.0208779,-118.1584494
1048,34.0910175,-118.3365301
1049,34.0847031,-118.2539186
1050,33.9601945,-118.2629292
1051,34.0903451,-118.2769181
1052,33.999767,-118.327277
1053,33.999767,-118.327277
1054,33.9518807,-118.2693183
1055,34.0758044,-118.3756414
1056,33.9885524,-118.2583269
1057,34.0138566,-118.2622782
1058,34.1173964,-118.2620498
1059,34.0842926,-118.2870579
1060,34.1043946,-118.3304734
1061,34.043485,-118.379316
1062,34.0402405,-118.2130623
1063,34.022588,-118.35436
1064,34.0331809,-118.27637
1065,34.0510189,-118.4384618
1066,33.9875162,-118.2828766
1067,34.01875640000001,-118.3001911
1068,34.0038501,-118.2913173
1069,33.9999743,-118.251972
1070,34.02162819999999,-118.2664351
1071,34.0238223,-118.265709
1072,33.9808214,-118.3348029
1073,33.99290149999999,-118.28313
1074,33.9818995,-118.2442815
1075,34.1064977,-118.2000745
1076,34.0862899,-118.1863957
1077,34.0506906,-118.3618318
1078,34.1229932,-118.2157959
1079,34.0038847,-118.319789
1080,34.0500301,-118.3087331
1081,33.923188,-118.2661382
1082,33.9726721,-118.2473859
1083,34.0903538,-118.2116572
1084,34.0464615,-118.3857629
1085,34.0658595,-118.2540769
1086,33.9624312,-118.2391168
1087,34.0453244,-118.2046787
1088,33.9570322,-118.2375787
1089,33.9457116,-118.2923113
1090,34.0140587,-118.3357846
1091,34.1088182,-118.2880471
1092,34.0842609,-118.286624
1093,34.0667803,-118.2794177
1094,34.0449225,-118.4329276
1095,33.94311280000001,-118.4092011
1096,34.0238887,-118.3004388
1097,33.9949504,-118.2480369
1098,34.0323927,-118.4512657
1099,34.0379801,-118.1734165
1100,34.0212127,-118.1623873
1101,34.0781289,-118.2636715
1102,34.0401304,-118.3174756
1103,34.0208688,-118.1611583
1104,34.0002453,-118.4410923
1105,33.9626315,-118.4212163
1106,34.0449002,-118.2526351
1107,34.0918048,-118.210387
1108,34.0103195,-118.4389226
1109,34.0230665,-118.2553304
1110,33.9529269,-118.3085231
1111,34.0624268,-118.2693984
1112,34.0895587,-118.1637819
1113,34.0420553,-118.2553396
1114,34.0172,-118.2493845
1115,34.040446,-118.346144
1116,34.0098726,-118.3081935
1117,34.0390561,-118.4414552
1118,34.0300603,-118.2920819
1119,34.0281531,-118.1473371
1120,33.9851491,-118.3267082
1121,34.0481284,-118.3357971
1122,34.0091915,-118.2694679
1123,34.0522541,-118.2562255
1124,33.9402121,-118.2922323
1125,34.0462512,-118.2800724
1126,33.9498371,-118.3004782
1127,34.0430181,-118.2611064
1128,33.9530438,-118.2331178
1129,34.0446934,-118.2527804
1130,34.0503163,-118.3621286
1131,34.097941,-118.3094258
1132,33.97703500000001,-118.417307
1133,34.1020306,-118.3218147
1134,34.0982411,-118.3530914
1135,34.0238443,-118.218077
1136,34.0258277,-118.326961
1137,34.02943339999999,-118.1875521
1138,33.9577156,-118.2920111
1139,34.0864299,-118.2871493
1140,34.0400932,-118.4653428
1141,34.0441945,-118.1619236
1142,34.08377,-118.3106398
1143,33.9939467,-118.41456
1144,34.0106451,-118.2780361
1145,34.031854,-118.2447573
1146,34.1058058,-118.2878773
1147,33.9887682,-118.2571391
1148,33.9636744,-118.2539186
1149,34.1023128,-118.3427565
1150,34.0449559,-118.376759
1151,33.9967218,-118.2829713
1152,34.0536454,-118.3546641
1153,34.0491044,-118.3856991
1154,33.9885952,-118.3381361
1155,33.941571,-118.300604
1156,33.9685457,-118.3969812
1157,33.959644,-118.3819745
1159,34.0520789,-118.2761872
1160,34.0052672,-118.2714369
1161,34.0839357,-118.3053197
1162,33.9892078,-118.2739733
1163,34.0951526,-118.2833962
1164,34.052838,-118.298028
1165,34.062106,-118.29197
1166,34.0350964,-118.28313
1167,34.0513053,-118.1853209
1168,34.0405656,-118.3764631
1169,34.0616716,-118.2455813
1170,34.1318138,-118.4902548
1171,34.10075339999999,-118.235002
1172,34.0698456,-118.2783302
1173,33.9460263,-118.3927133
1174,33.9599431,-118.250401
1175,34.0318773,-118.1925964
1176,34.0834489,-118.2602767
1177,33.9811182,-118.2415044
1178,34.0129638,-118.2523654
1179,34.0110396,-118.3175079
1180,33.9504397,-118.23726
1181,33.9661701,-118.2649515
1182,34.0403127,-118.1776953
1183,34.0498114,-118.2397253
1184,34.069139,-118.2004489
1185,34.0836314,-118.3316979
1186,34.09123720000001,-118.3107043
1187,34.0872763,-118.3302367
1188,34.1136493,-118.208161
1189,34.0406816,-118.1862039
1190,34.0437687,-118.3051765
1191,34.1232296,-118.2150842
1192,34.0523179,-118.2514745
1193,33.9933293,-118.3213408
1194,33.93156099999999,-118.265436
1195,33.84228179999999,-118.2983673
1196,33.994484,-118.4177022
1197,33.981348,-118.4096925
1198,34.0400825,-118.3126867
1199,34.0445484,-118.4196647
1200,34.0474495,-118.314985
1201,34.0517272,-118.2745429
1202,34.0517272,-118.2745429
1203,33.9162052,-118.2656129
1204,34.04034,-118.2886
1205,34.030791,-118.2301833
1206,34.1010676,-118.3452462
1207,34.0453097,-118.2361686
1208,33.9739787,-118.3094593
1209,33.9410004,-118.2913107
1210,33.9410004,-118.2913107
1211,34.0435406,-118.2752737
1212,33.9772051,-118.2736465
1213,34.0398952,-118.2841303
1214,34.04587,-118.2575895
1215,34.0836737,-118.3410354
1216,34.023439,-118.3737698
1217,34.004924,-118.281956
1218,34.0627765,-118.3095299
1219,34.028764,-118.163477
1220,34.0485422,-118.3303462
1221,34.0204931,-118.2670214
1222,33.97703500000001,-118.417307
1223,33.902332,-118.283218
1224,33.978946,-118.299973
1225,34.0226069,-118.2657613
1226,33.9437298,-118.2544081
1227,34.063588,-118.3500985
1228,33.9347467,-118.2267674
1229,34.0687958,-118.3058556
1230,34.1397938,-118.1945555
1231,34.0098174,-118.2913115
1232,34.0470938,-118.3043057
1233,34.0718826,-118.1747707
1234,34.0916901,-118.2104691
1235,34.1095677,-118.2365127
1236,34.0545841,-118.2809781
1237,34.0544192,-118.4016825
1238,33.9456797,-118.3704809
1239,33.9761297,-118.3726572
1240,34.0634463,-118.3624025
1241,34.0272627,-118.1990224
1242,34.0868782,-118.3437293
1243,34.1152155,-118.1827535
1244,34.03556349999999,-118.3781321
1245,34.0593303,-118.2635573
1246,34.0372935,-118.214106
1247,33.9674494,-118.2829304
1248,34.0532826,-118.3089154
1249,34.0164472,-118.176048
1250,34.0400126,-118.1929218
1251,34.0498264,-118.2035396
1252,34.0445344,-118.2383234
1253,34.04743,-118.2933608
1254,33.9599515,-118.2415046
1255,34.0264009,-118.163575
1256,33.9751075,-118.278768
1257,34.0443187,-118.2323323
1258,34.0617653,-118.338684
1259,34.0617653,-118.338684
1260,34.0836772,-118.3022415
1261,34.1237866,-118.2207488
1262,34.0627191,-118.2808462
1263,34.0040802,-118.2437602
1264,34.0445534,-118.4534398
1265,34.0618048,-118.281303
1266,34.0709885,-118.2508692
1267,34.0318895,-118.15419
1268,34.0323933,-118.3092851
1269,34.0616586,-118.2701499
1270,33.9997548,-118.4407096
1271,34.0570368,-118.4431664
1272,34.050655,-118.2487951
1273,34.005693,-118.2874506
1274,34.03306,-118.212182
1275,34.0581959,-118.2914039
1276,34.0261926,-118.2708238
1277,34.0407596,-118.437967
1278,34.1050141,-118.2297593
1279,34.1050141,-118.2297593
1280,34.0231243,-118.2605892
1281,34.0231243,-118.2605892
1282,33.9932705,-118.3304043
1283,34.0353701,-118.2005331
1284,34.0677542,-118.2518017
1285,33.9516087,-118.2300168
1286,34.024357,-118.156449
1287,33.945326,-118.3779133
1288,34.0834181,-118.2225097
1289,34.076691,-118.2914654
1290,34.1200653,-118.2282936
1291,33.9993013,-118.3004854
1292,34.0572002,-118.2690925
1293,34.0003519,-118.2999564
1294,34.0978384,-118.3609289
1295,34.0324111,-118.3413348
1296,34.054944,-118.277633
1297,34.095832,-118.2081387
1298,34.0503891,-118.2566385
1299,34.0276011,-118.1465904
1300,33.9690039,-118.2474772
1301,34.0952315,-118.2283802
1302,33.9902252,-118.4471442
1303,34.1223693,-118.1844681
1304,34.0008495,-118.2912987
1305,33.982046,-118.2787936
1306,34.0942467,-118.3204851
1307,34.0478715,-118.3258273
1308,34.0894591,-118.2588408
1309,33.9377028,-118.2464425
1310,34.0220952,-118.2394083
1311,34.0820663,-118.2842427
1312,34.0821383,-118.2842895
1313,33.9972706,-118.4352695
1314,34.087495,-118.3444598
1315,33.9935247,-118.2609535
1316,34.0130848,-118.1433124
1317,34.1029234,-118.2584182
1318,34.0454401,-118.2578701
1319,34.1019951,-118.324983
1320,33.9329411,-118.2389318
1321,33.9716847,-118.2566595
1322,34.0421707,-118.2560441
1323,34.0344246,-118.232515
1324,34.1357148,-118.2166246
1325,34.0438277,-118.3792477
1326,34.0837845,-118.2220864
1327,33.9603673,-118.2448966
1328,34.0898668,-118.1704251
1329,34.1020306,-118.3218147
1330,34.0666174,-118.2548779
1331,34.0464572,-118.2760959
1332,34.0460541,-118.4507564
1333,33.9978722,-118.2562027
1334,34.0734536,-118.2518952
1335,33.9750287,-118.2822165
1336,34.0428732,-118.2198923
1337,34.027476,-118.4132753
1338,33.9538883,-118.2740868
1339,33.9315515,-118.2306545
1340,34.0171114,-118.1606958
1341,34.0434757,-118.4455749
1342,33.9744562,-118.2682851
1343,33.9552361,-118.2561113
1344,34.0455099,-118.2145878
1345,34.1436692,-118.2707643
1346,34.0496691,-118.1967604
1347,33.90236550000001,-118.2911685
1348,34.0495036,-118.2033584
1349,34.0591477,-118.2824734
1350,34.04412,-118.202509
1351,34.0590011,-118.2630168
1352,34.033694,-118.2621602
1353,34.098212,-118.3457868
1354,34.0488583,-118.2773133
1355,34.0760142,-118.29434
1356,34.0489162,-118.1890474
1357,33.938355,-118.292164
1358,34.11647749999999,-118.2630664
1359,34.11647749999999,-118.2630664
1360,34.0844462,-118.1782976
1361,34.0093644,-118.2655322
1362,34.0487768,-118.356536
1363,34.0192623,-118.2554489
1364,34.0572178,-118.4156257
1365,34.0175934,-118.249533
1366,34.0265586,-118.4324655
1367,34.0767026,-118.2152898
1368,34.1031387,-118.2371066
1369,34.09544100000001,-118.30257
1370,34.0976504,-118.3619718
1371,34.1040158,-118.3308969
1372,34.0287572,-118.4032955
1373,34.0362957,-118.1844817
1374,34.0271101,-118.3928048
1375,33.9614655,-118.2736128
1376,34.0911736,-118.3008925
1377,33.9892078,-118.2739733
1378,34.0196321,-118.1920992
1379,34.023592,-118.17077
1380,33.931447,-118.2741732
1381,34.01085130000001,-118.2647522
1382,33.9843129,-118.2781813
1383,34.0834462,-118.3032661
1384,34.0438928,-118.2098367
1385,34.0523853,-118.2683039
1386,34.0445208,-118.2771628
1387,34.0090173,-118.2873814
1388,34.0245061,-118.3962509
1389,34.1046603,-118.3091557
1390,34.0574845,-118.1741828
1391,33.96526,-118.269846
1392,34.08941739999999,-118.3089537
1393,34.0838523,-118.3501442
1394,34.0911877,-118.2963064
1395,34.1103765,-118.1907494
1396,34.0771568,-118.258714
1397,34.086922,-118.2505187
1398,34.0360899,-118.2636852
1399,33.9800263,-118.4151237
1400,33.9235715,-118.2823763
1401,33.9362057,-118.2387693
1402,34.0557943,-118.2892214
1403,34.0976043,-118.365233
1404,34.0932547,-118.2921733
1405,34.0362125,-118.1833159
1406,33.9925514,-118.2874233
1407,34.0192623,-118.2554489
1408,33.9379599,-118.3086104
1409,34.004369,-118.2423239
1410,33.9416131,-118.2823306
1411,34.051964,-118.2018212
1412,34.0737426,-118.2862266
1413,34.0175122,-118.2204301
1414,34.0466885,-118.4483969
1415,34.0134014,-118.4171845
1416,34.0536465,-118.3790879
1417,34.04136,-118.4610085
1418,34.1055223,-118.3246893
1419,33.97100229999999,-118.2787844
1420,33.981213,-118.3218836
1421,34.0723232,-118.2828822
1422,33.9795118,-118.2741597
1423,34.0050971,-118.431724
1424,34.0216512,-118.2527691
1425,34.0603949,-118.2391364
1426,34.052748,-118.2676089
1427,34.0575469,-118.2956238
1428,33.8814694,-118.2905893
1429,34.0833754,-118.3536158
1430,34.0661868,-118.2127538
1431,34.1108186,-118.1961523
1432,34.0749745,-118.3514225
1433,33.9652761,-118.2652455
1434,34.0601978,-118.2846144
1435,33.9875329,-118.3297596
1436,34.0590031,-118.418866
1437,34.0258937,-118.284851
1438,34.0348298,-118.240693
1439,34.0810165,-118.4126452
1440,34.0766265,-118.3438944
1441,34.0762873,-118.3571587
1442,34.0342362,-118.2913287
1443,34.0734921,-118.2109673
1444,34.0607055,-118.4435999
1445,34.0461092,-118.1989996
1446,34.0154595,-118.2427489
1447,33.979066,-118.240989
1448,33.9306304,-118.2911913
1449,34.0317249,-118.4460069
1450,33.9327419,-118.28278
1451,34.0411366,-118.2543524
1452,33.9427389,-118.2740956
1453,34.0443468,-118.1728837
1454,34.0282088,-118.1827872
1455,34.0825956,-118.273274
1456,34.1092804,-118.1938493
1457,34.0874652,-118.2866741
1458,34.0106975,-118.3025156
1459,34.1198092,-118.1994665
1460,34.0621056,-118.343286
1461,34.0040583,-118.3185469
1462,34.0471288,-118.2977438
1463,34.1317932,-118.3448479
1464,34.0110723,-118.130462
1465,34.0984474,-118.3002192
1466,34.0406844,-118.1871706
1467,33.9444452,-118.3004866
1468,34.0812099,-118.1828244
1469,34.0633335,-118.2864205
1470,34.0479418,-118.2753766
1471,34.0521116,-118.2041632
1472,34.1206366,-118.2290758
1473,34.1027272,-118.349159
1474,33.9631547,-118.2825084
1475,34.050367,-118.3437611
1476,34.07609,-118.3435264
1477,34.0709885,-118.2508692
1478,34.0450194,-118.204346
1479,33.9934141,-118.3003589
1480,34.0417686,-118.2631233
1481,34.0582686,-118.3092968
1482,33.8311031,-118.3087971
1483,33.9725048,-118.3310241
1484,33.9677199,-118.2780372
1485,34.0185377,-118.2061158
1486,34.0272956,-118.1667345
1487,33.8586898,-118.3087971
1488,33.9821028,-118.2865631
1489,33.9821028,-118.2865631
1490,34.0438646,-118.291872
1491,34.0379526,-118.2063566
1492,34.0841946,-118.1783433
1493,34.1283473,-118.4442838
1494,34.0832063,-118.2730981
1495,34.063371,-118.30942
1496,34.0957473,-118.2923455
1497,33.92757539999999,-118.2460153
1498,34.1229668,-118.2251118
1499,34.0322676,-118.3624903
1500,34.0575626,-118.3455117
1501,33.91003450000001,-118.2657777
1502,34.1047201,-118.1831191
1503,34.0590031,-118.418866
1504,34.0277118,-118.4430132
1505,34.0160843,-118.1358555
1506,33.976025,-118.3742263
1507,34.0038633,-118.309231
1508,33.9940303,-118.4406794
1509,34.018961,-118.2727158
1510,34.0252066,-118.3474504
1511,34.0362047,-118.218305
1512,34.0561261,-118.2518008
1513,34.0258502,-118.3287699
1514,33.9661701,-118.2649515
1515,34.0769431,-118.2754879
1516,34.0272753,-118.2911957
1517,33.9389835,-118.2325379
1518,33.9948627,-118.4173485
1519,34.0601215,-118.2906889
1520,34.0763382,-118.3763033
1521,33.9930165,-118.4393333
1522,34.05365570000001,-118.2627848
1523,34.1088182,-118.2880471
1524,33.9765472,-118.361326
1525,34.0718787,-118.2213803
1526,33.9961205,-118.2653772
1527,33.9998631,-118.3188651
1528,34.0811184,-118.2846388
1529,34.0472955,-118.2236742
1530,34.0263095,-118.2294082
1531,33.9381417,-118.2786562
1532,33.9515609,-118.2922418
1533,34.0499423,-118.1961871
1534,34.02798600000001,-118.2005882
1535,34.1272793,-118.187255
1536,34.0258937,-118.284851
1537,34.1417276,-118.3406646
1538,33.9741404,-118.278631
1539,33.9868534,-118.2479936
1540,34.0552669,-118.3850678
1541,34.0552669,-118.3850678
1542,33.9764691,-118.3722519
1543,34.006727,-118.2742272
1544,34.0139707,-118.2671203
1545,34.0556345,-118.2654371
1546,33.9603918,-118.2364442
1547,33.9913882,-118.2414872
1548,34.0840013,-118.29848
1549,33.9860889,-118.3353508
1550,34.0473914,-118.3004578
1551,33.9992336,-118.2435863
1552,34.0483708,-118.2040719
1553,34.064254,-118.236637
1554,34.0190792,-118.2480764
1555,33.9749956,-118.252261
1556,34.0429934,-118.4682959
1557,33.9402289,-118.2463759
1558,33.945322,-118.2741634
1559,34.0622201,-118.287332
1560,34.1055223,-118.3246893
1561,34.0292255,-118.3891531
1562,34.0469906,-118.4340627
1563,34.070647,-118.360189
1564,34.047268,-118.3162826
1565,33.9739109,-118.2903921
1566,34.1174223,-118.2509072
1567,33.9854594,-118.4245706
1568,34.0739722,-118.2107433
1569,34.04394930000001,-118.4541445
1570,34.1071408,-118.1989196
1571,33.9970421,-118.3000412
1572,34.03636730000001,-118.1915384
1574,34.0851517,-118.2113954
1575,34.0268854,-118.2372592
1576,34.1092302,-118.2707289
1577,34.0222931,-118.2069278
1578,34.0793876,-118.214593
1579,34.05618880000001,-118.2899446
1580,34.05621259999999,-118.2364899
1581,34.0323256,-118.3470623
1582,34.005337,-118.3301683
1583,34.06390200000001,-118.294624
1584,34.1253105,-118.4672123
1585,34.0215842,-118.2046943
1586,33.9639309,-118.2698254
1587,33.9602677,-118.2702756
1588,33.9830831,-118.2408784
1589,34.0691537,-118.2943167
1590,33.9640038,-118.2740271
1591,33.9928729,-118.2473311
1592,34.0212124,-118.2613769
1593,34.1015625,-118.3003496
1594,33.9922259,-118.3003348
1595,34.0500815,-118.436954
1596,34.0459479,-118.186376
1597,34.0790051,-118.5013579
1598,34.0474495,-118.314985
1599,34.0343237,-118.4472942
1600,33.9379599,-118.3086104
1601,34.1072841,-118.1969775
1602,34.0336711,-118.2913876
1603,34.01644,-118.1792345
1604,34.0179478,-118.1969402
1605,34.0534628,-118.2663674
1606,34.0418595,-118.4697444
1607,34.0734237,-118.3793161
1608,33.9876351,-118.3615807
1609,34.058281,-118.1885346
1610,34.1223693,-118.1844681
1611,34.0575057,-118.30012
1612,34.0424372,-118.4581901
1613,33.9718609,-118.4099436
1614,34.0999583,-118.2595603
1615,34.0121086,-118.248648
1616,33.9748792,-118.3155558
1617,34.1015561,-118.3112881
1618,34.069255,-118.3063327
1619,34.0201357,-118.4034322
1620,34.0347728,-118.2842864
1621,34.0241299,-118.1908425
1622,33.9624312,-118.2391168
1623,33.9797359,-118.2414306
1624,34.124787,-118.2313043
1625,34.0834489,-118.2602767
1626,34.0496691,-118.1967604
1627,34.0573748,-118.3613258
1628,34.0976968,-118.355212
1629,33.9716847,-118.2566595
1630,33.9831394,-118.2693628
1631,34.0226069,-118.2657613
1632,34.0332179,-118.1571791
1633,34.08941739999999,-118.3089537
1634,34.1034757,-118.3383644
1635,34.0820663,-118.2842427
1636,33.8814694,-118.2905893
1637,34.1454795,-118.2285173
1638,33.9379599,-118.3086104
1639,34.0370725,-118.203295
1640,34.1034547,-118.2357589
1641,34.0260649,-118.4333223
1642,33.9250636,-118.2909401
1643,34.0250335,-118.3075641
1644,33.9597175,-118.3165376
1645,34.0002692,-118.3094365
1646,33.959283,-118.3079294
1647,34.0692278,-118.2960975
1648,34.045769,-118.196914
1649,33.9586743,-118.3966503
1650,33.9984777,-118.4283706
1651,33.9748792,-118.3155558
1652,34.0810475,-118.2607936
1653,33.9779419,-118.3306212
1654,34.0257544,-118.3442942
1655,34.0272373,-118.200896
1656,34.0302828,-118.2450343
