,Game_ID,Opponent_Number,Date,Is_Weekend,Month,Year,Is_Day,Win_Streak,Win_Per,Bobble_head,Precip,Temp,Attendance,DOW
0,1,1,20170403,0,4,2017,1,1,1,0,0,60,"53,701",Mon
1,2,1,20170404,0,4,2017,0,0,0.5,0,0,62,"42,196",Tue
2,3,1,20170405,0,4,2017,0,1,0.666666667,0,0,67,"38,373",Wed
3,4,1,20170406,0,4,2017,1,2,0.75,0,0,66,"36,501",Thu
4,115,1,20170811,0,8,2017,0,0,0.704347826,0,0,86,"52,898",Fri
5,116,1,20170812,1,8,2017,0,1,0.706896552,0,0,86,"53,230",Sat
6,117,1,20170813,1,8,2017,1,2,0.709401709,0,0.1,75,"46,128",Sun
7,157,1,20170925,0,9,2017,0,2,0.636942675,0,0,76,"49,419",Mon
8,158,1,20170926,0,9,2017,0,3,0.639240506,1,0,76,"47,432",Tue
9,159,1,20170927,0,9,2017,0,4,0.641509434,0,0,71,"47,273",Wed
10,24,1,20160429,0,4,2016,0,0,0.5,0,0,61,"49,686",Fri
11,25,1,20160430,1,4,2016,0,0,0.48,0,0,59,"45,740",Sat
12,26,1,20160501,1,5,2016,1,1,0.5,0,0,62,"49,271",Sun
13,88,1,20160707,0,7,2016,0,0,0.545454545,0,0.3,68,"44,759",Thu
14,89,1,20160708,0,7,2016,0,1,0.550561798,0,0.1,70,"43,588",Fri
15,90,1,20160709,1,7,2016,1,2,0.555555556,0,0.1,72,"48,411",Sat
16,91,1,20160710,1,7,2016,1,3,0.56043956,0,0,74,"42,801",Sun
17,134,1,20160902,0,9,2016,0,0,0.552238806,0,0.2,72,"48,911",Fri
18,135,1,20160903,1,9,2016,0,1,0.555555556,0,0,69,"47,590",Sat
19,136,1,20160904,1,9,2016,1,2,0.558823529,0,0.6,67,"46,441",Sun
20,1,1,20150406,0,4,2015,1,1,1,0,0,61,"53,518",Mon
21,2,1,20150407,0,4,2015,0,0,0.5,0,7.9,54,"40,356",Tue
22,3,1,20150408,0,4,2015,0,1,0.666666667,0,0,62,"52,204",Wed
23,41,1,20150522,0,5,2015,0,1,0.609756098,0,0,64,"48,514",Fri
24,42,1,20150523,1,5,2015,0,2,0.619047619,1,0,65,"53,479",Sat
25,43,1,20150524,1,5,2015,1,0,0.604651163,0,0,66,"50,182",Sun
26,160,1,20151002,0,10,2015,0,2,0.5625,0,0,74,"45,564",Fri
27,161,1,20151003,1,10,2015,0,3,0.565217391,0,0,74,"52,352",Sat
28,162,1,20151004,1,10,2015,1,4,0.567901235,0,0.28,74,"42,863",Sun
29,94,1,20140710,0,7,2014,0,1,0.553191489,0,0,78,"50,332",Thu
30,95,1,20140711,0,7,2014,0,0,0.547368421,0,0,78,"46,073",Fri
31,96,1,20140712,1,7,2014,0,1,0.552083333,1,0,79,"51,794",Sat
32,97,1,20140713,1,7,2014,1,2,0.556701031,0,0,83,"47,131",Sun
33,127,1,20140819,0,8,2014,0,1,0.559055118,0,0,78,"45,459",Tue
34,128,1,20140820,0,8,2014,0,0,0.5546875,1,0,73,"46,641",Wed
35,129,1,20140821,0,8,2014,0,1,0.558139535,0,0,78,"39,596",Thu
36,144,1,20140908,0,9,2014,0,4,0.569444444,0,0.1,82,"41,886",Mon
37,145,1,20140909,0,9,2014,0,0,0.565517241,1,0,80,"45,213",Tue
38,146,1,20140910,0,9,2014,0,1,0.568493151,0,0,81,"45,586",Wed
39,13,1,20130415,0,4,2013,0,0,0.538461538,0,0.1,55,"52,136",Mon
40,14,1,20130416,0,4,2013,0,0,0.5,0,0,54,"35,898",Tue
41,15,1,20130417,0,4,2013,0,0,0.466666667,0,0,63,"52,393",Wed
42,56,1,20130603,0,6,2013,0,1,0.428571429,0,0,66,"37,055",Mon
43,57,1,20130604,0,6,2013,0,2,0.438596491,0,0,64,"37,544",Tue
44,58,1,20130605,0,6,2013,0,0,0.431034483,0,0.1,65,"40,040",Wed
45,134,1,20130830,0,8,2013,0,2,0.589552239,0,0,86,"51,769",Fri
46,135,1,20130831,1,8,2013,0,3,0.592592593,0,0.2,85,"53,121",Sat
47,136,1,20130901,1,9,2013,1,4,0.595588235,0,0,82,"52,168",Sun
48,8,1,20120413,0,4,2012,0,4,0.875,0,15.1,48,"31,601",Fri
49,9,1,20120414,1,4,2012,0,5,0.888888889,0,0,52,"46,549",Sat
50,10,1,20120415,1,4,2012,1,6,0.9,0,0,58,"38,359",Sun
51,88,1,20120713,0,7,2012,0,1,0.545454545,0,0,80,"43,873",Fri
52,89,1,20120714,1,7,2012,0,0,0.539325843,1,0,78,"54,014",Sat
53,90,1,20120715,1,7,2012,1,0,0.533333333,0,0,74,"39,715",Sun
54,136,1,20120903,0,9,2012,0,3,0.536764706,0,0,77,"33,540",Mon
55,137,1,20120904,0,9,2012,0,0,0.532846715,0,0,79,"40,619",Tue
56,138,1,20120905,0,9,2012,0,0,0.528985507,0,0,77,"50,560",Wed
57,27,1,20110429,0,4,2011,0,2,0.518518519,0,0,68,"36,870",Fri
58,28,1,20110430,1,4,2011,0,0,0.5,0,0,67,"34,453",Sat
59,29,1,20110501,1,5,2011,1,0,0.482758621,0,0,70,"39,869",Sun
60,90,1,20110708,0,7,2011,0,2,0.433333333,0,0,77,"38,529",Fri
61,91,1,20110709,1,7,2011,1,3,0.43956044,0,0,77,"29,744",Sat
62,92,1,20110710,1,7,2011,1,4,0.445652174,0,0,77,"35,249",Sun
63,133,1,20110829,0,8,2011,0,1,0.473684211,0,0,80,"29,764",Mon
64,134,1,20110830,0,8,2011,0,2,0.47761194,0,0,77,"36,589",Tue
65,135,1,20110831,0,8,2011,1,3,0.481481481,0,0,73,"27,767",Wed
66,11,2,20170414,0,4,2017,0,1,0.545454545,0,1.6,62,"49,438",Fri
67,12,2,20170415,1,4,2017,0,2,0.583333333,0,0,63,"48,070",Sat
68,13,2,20170416,1,4,2017,1,0,0.538461538,0,0.1,62,"39,822",Sun
69,14,2,20170417,0,4,2017,0,0,0.5,0,0,64,"35,448",Mon
70,85,2,20170704,0,7,2017,0,1,0.658823529,0,0,83,"53,159",Tue
71,86,2,20170705,0,7,2017,0,2,0.662790698,0,0,86,"40,997",Wed
72,87,2,20170706,0,7,2017,0,3,0.666666667,1,0,88,"41,999",Thu
73,137,2,20170904,0,9,2017,0,0,0.671532847,0,0,81,"47,192",Mon
74,138,2,20170905,0,9,2017,0,0,0.666666667,0,0,79,"47,039",Tue
75,139,2,20170906,0,9,2017,0,0,0.661870504,1,0,76,"48,612",Wed
76,8,2,20160412,0,4,2016,1,0,0.5,0,0.2,59,"53,279",Tue
77,9,2,20160413,0,4,2016,0,1,0.555555556,0,0,63,"44,244",Wed
78,10,2,20160414,0,4,2016,0,2,0.6,0,0,64,"40,879",Thu
79,103,2,20160729,0,7,2016,0,1,0.563106796,0,0,80,"50,966",Fri
80,104,2,20160730,1,7,2016,0,0,0.557692308,0,0,77,"49,540",Sat
81,105,2,20160731,1,7,2016,1,1,0.561904762,0,0,75,"42,380",Sun
82,137,2,20160905,0,9,2016,0,3,0.562043796,0,0,69,"41,820",Mon
83,138,2,20160906,0,9,2016,0,4,0.565217391,0,0,71,"42,457",Tue
84,139,2,20160907,0,9,2016,0,5,0.568345324,0,0.1,71,"44,352",Wed
85,22,2,20150501,0,5,2015,0,2,0.636363636,0,0,79,"50,164",Fri
86,23,2,20150502,1,5,2015,0,3,0.652173913,0,0,76,"43,617",Sat
87,24,2,20150503,1,5,2015,1,4,0.666666667,0,0,75,"48,136",Sun
88,58,2,20150608,0,6,2015,0,1,0.568965517,0,0,87,"42,167",Mon
89,59,2,20150609,0,6,2015,0,2,0.576271186,0,0.1,87,"37,738",Tue
90,60,2,20150610,0,6,2015,0,3,0.583333333,0,0,77,"47,174",Wed
91,149,2,20150921,0,9,2015,0,0,0.570469799,0,0,80,"38,791",Mon
92,150,2,20150922,0,9,2015,0,0,0.566666667,0,0,81,"41,419",Tue
93,151,2,20150923,0,9,2015,0,1,0.569536424,1,0,77,"46,364",Wed
94,152,2,20150924,0,9,2015,1,2,0.572368421,0,0,80,"38,234",Thu
95,17,2,20140418,0,4,2014,0,0,0.588235294,0,0,64,"47,680",Fri
96,18,2,20140419,1,4,2014,0,1,0.611111111,0,0,66,"48,541",Sat
97,19,2,20140420,1,4,2014,1,2,0.631578947,0,0,72,"37,447",Sun
98,69,2,20140613,0,6,2014,0,1,0.52173913,0,0,71,"42,831",Fri
99,70,2,20140614,1,6,2014,0,2,0.528571429,1,0,73,"51,422",Sat
100,71,2,20140615,1,6,2014,1,0,0.521126761,0,0,70,"52,519",Sun
101,141,2,20140905,0,9,2014,0,1,0.560283688,0,0,80,"43,074",Fri
102,142,2,20140906,1,9,2014,0,2,0.563380282,0,0,85,"50,823",Sat
103,143,2,20140907,1,9,2014,1,3,0.566433566,0,0,84,"43,460",Sun
104,31,2,20130506,0,5,2013,0,0,0.419354839,0,4.9,61,"30,981",Mon
105,32,2,20130507,0,5,2013,0,0,0.40625,0,4.7,60,"33,611",Tue
106,33,2,20130508,0,5,2013,0,0,0.393939394,0,0.1,59,"31,512",Wed
107,63,2,20130610,0,6,2013,0,0,0.428571429,0,0,65,"38,275",Mon
108,64,2,20130611,0,6,2013,0,1,0.4375,0,0,71,"42,844",Tue
109,65,2,20130612,0,6,2013,0,0,0.430769231,0,0,65,"41,927",Wed
110,143,2,20130909,0,9,2013,0,1,0.587412587,0,0,79,"52,410",Mon
111,144,2,20130910,0,9,2013,0,2,0.590277778,0,0,76,"41,867",Tue
112,145,2,20130911,0,9,2013,0,0,0.586206897,0,0,74,"40,818",Wed
113,35,2,20120514,0,5,2012,0,5,0.685714286,0,0,68,"24,312",Mon
114,36,2,20120515,0,5,2012,0,0,0.666666667,1,0,66,"47,077",Tue
115,104,2,20120730,0,7,2012,0,0,0.538461538,0,0,73,"33,180",Mon
116,105,2,20120731,0,7,2012,0,0,0.533333333,1,0,76,"52,832",Tue
117,106,2,20120801,0,8,2012,1,0,0.528301887,0,0,74,"36,596",Wed
118,132,2,20120830,0,8,2012,0,0,0.53030303,1,0,81,"54,621",Thu
119,133,2,20120831,0,8,2012,0,0,0.526315789,0,0,80,"37,622",Fri
120,134,2,20120901,1,9,2012,0,1,0.529850746,0,0,81,"35,992",Sat
121,135,2,20120902,1,9,2012,1,2,0.533333333,0,0,82,"31,607",Sun
122,39,2,20110513,0,5,2011,0,3,0.487179487,0,0,69,"35,506",Fri
123,40,2,20110514,1,5,2011,1,0,0.475,0,0,61,"30,602",Sat
124,41,2,20110515,1,5,2011,1,0,0.463414634,0,0.1,58,"40,654",Sun
125,105,2,20110729,0,7,2011,0,1,0.457142857,0,0,73,"35,169",Fri
126,106,2,20110730,1,7,2011,0,0,0.452830189,0,0,73,"37,139",Sat
127,107,2,20110731,1,7,2011,1,0,0.448598131,0,0.7,76,"43,935",Sun
128,146,2,20110912,0,9,2011,0,0,0.493150685,0,0,72,"30,616",Mon
129,147,2,20110913,0,9,2011,0,0,0.489795918,0,0,74,"31,404",Tue
130,148,2,20110914,0,9,2011,0,1,0.493243243,0,0,73,"29,799",Wed
131,15,3,20170418,0,4,2017,0,0,0.466666667,0,0.6,65,"37,960",Tue
132,16,3,20170419,0,4,2017,0,1,0.5,0,0,65,"45,474",Wed
133,75,3,20170623,0,6,2017,0,8,0.653333333,0,0,68,"43,787",Fri
134,76,3,20170624,1,6,2017,0,9,0.657894737,0,0,69,"50,403",Sat
135,77,3,20170625,1,6,2017,1,10,0.662337662,0,0,73,"41,605",Sun
136,140,3,20170907,0,9,2017,0,0,0.657142857,0,0,76,"51,492",Thu
137,141,3,20170908,0,9,2017,0,0,0.65248227,1,0,73,"53,632",Fri
138,142,3,20170909,1,9,2017,0,0,0.647887324,0,0,73,"52,884",Sat
139,143,3,20170910,1,9,2017,1,0,0.643356643,0,0,79,"50,161",Sun
140,59,3,20160606,0,6,2016,0,0,0.525423729,1,0.2,69,"38,964",Mon
141,60,3,20160607,0,6,2016,0,1,0.533333333,0,0.3,64,"40,525",Tue
142,61,3,20160608,0,6,2016,0,0,0.524590164,0,0,66,"41,324",Wed
143,82,3,20160701,0,7,2016,0,2,0.548780488,0,0.2,69,"43,644",Fri
144,83,3,20160702,1,7,2016,0,3,0.554216867,1,0.2,68,"46,608",Sat
145,84,3,20160703,1,7,2016,1,4,0.55952381,0,0.2,66,"41,836",Sun
146,153,3,20160922,0,9,2016,0,2,0.568627451,0,0.1,71,"48,344",Thu
147,154,3,20160923,0,9,2016,0,3,0.571428571,0,0,73,"52,320",Fri
148,155,3,20160924,1,9,2016,0,4,0.574193548,0,0,75,"53,299",Sat
149,156,3,20160925,1,9,2016,1,5,0.576923077,0,0,82,"51,962",Sun
150,10,3,20150417,0,4,2015,0,5,0.7,0,0,75,"48,950",Fri
151,11,3,20150418,1,4,2015,0,6,0.727272727,0,0,74,"45,912",Sat
152,12,3,20150419,1,4,2015,1,7,0.75,0,0,73,"44,666",Sun
153,34,3,20150514,0,5,2015,0,0,0.647058824,0,2,61,"42,650",Thu
154,35,3,20150515,0,5,2015,0,1,0.657142857,0,4.1,60,"46,662",Fri
155,36,3,20150516,1,5,2015,0,0,0.638888889,0,0,63,"48,378",Sat
156,37,3,20150517,1,5,2015,1,1,0.648648649,0,0,66,"44,990",Sun
157,143,3,20150914,0,9,2015,0,3,0.58041958,0,2.5,76,"43,731",Mon
158,144,3,20150915,0,9,2015,0,0,0.576388889,0,2.2,77,"45,311",Tue
159,145,3,20150916,0,9,2015,0,1,0.579310345,1,0.1,73,"45,906",Wed
160,24,3,20140425,0,4,2014,0,0,0.541666667,0,0.8,62,"44,866",Fri
161,25,3,20140426,1,4,2014,0,1,0.56,0,0,58,"45,241",Sat
162,26,3,20140427,1,4,2014,1,0,0.538461538,0,0,64,"52,359",Sun
163,72,3,20140616,0,6,2014,0,1,0.527777778,0,0,69,"44,077",Mon
164,73,3,20140617,0,6,2014,0,2,0.534246575,0,0,66,"44,175",Tue
165,74,3,20140618,0,6,2014,0,3,0.540540541,0,0,70,"46,069",Wed
166,160,3,20140926,0,9,2014,0,3,0.575,0,0,80,"43,328",Fri
167,161,3,20140927,1,9,2014,0,4,0.577639752,0,0,72,"46,631",Sat
168,162,3,20140928,1,9,2014,1,5,0.580246914,0,0.1,70,"48,278",Sun
169,25,3,20130429,0,4,2013,0,0,0.48,0,0,63,"31,570",Mon
170,26,3,20130430,0,4,2013,0,1,0.5,1,0,60,"47,602",Tue
171,27,3,20130501,0,5,2013,0,0,0.481481481,0,0,64,"32,848",Wed
172,91,3,20130711,0,7,2013,0,5,0.505494505,1,0,76,"52,740",Thu
173,92,3,20130712,0,7,2013,0,0,0.5,0,0,75,"50,796",Fri
174,93,3,20130713,1,7,2013,1,1,0.505376344,0,0,75,"51,992",Sat
175,94,3,20130714,1,7,2013,1,0,0.5,0,0,78,"51,402",Sun
176,160,3,20130927,0,9,2013,0,1,0.575,0,0,70,"52,367",Fri
177,161,3,20130928,1,9,2013,0,0,0.571428571,0,0,73,"52,879",Sat
178,162,3,20130929,1,9,2013,1,0,0.567901235,0,0,74,"52,396",Sun
179,32,3,20120511,0,5,2012,0,2,0.65625,0,0,62,"35,591",Fri
180,33,3,20120512,1,5,2012,0,3,0.666666667,0,0,64,"33,735",Sat
181,34,3,20120513,1,5,2012,1,4,0.676470588,0,0,65,"49,124",Sun
182,110,3,20120806,0,8,2012,0,0,0.536363636,0,0,80,"32,659",Mon
183,111,3,20120807,0,8,2012,0,0,0.531531532,1,0,81,"55,024",Tue
184,112,3,20120808,0,8,2012,0,1,0.535714286,0,0,81,"37,084",Wed
185,157,3,20120928,0,9,2012,0,3,0.522292994,0,0,75,"37,133",Fri
186,158,3,20120929,1,9,2012,0,4,0.525316456,0,0,78,"40,724",Sat
187,159,3,20120930,1,9,2012,1,5,0.528301887,0,0,84,"35,607",Sun
188,55,3,20110530,0,5,2011,0,2,0.454545455,0,0,69,"36,962",Mon
189,56,3,20110531,0,5,2011,0,3,0.464285714,0,0,69,"31,473",Tue
190,57,3,20110601,0,6,2011,0,0,0.456140351,1,0,65,"36,975",Wed
191,102,3,20110725,0,7,2011,0,3,0.450980392,0,0,76,"28,860",Mon
192,103,3,20110726,0,7,2011,0,4,0.45631068,1,0,77,"50,664",Tue
193,104,3,20110727,0,7,2011,0,0,0.451923077,0,0,73,"29,976",Wed
194,130,3,20110826,0,8,2011,0,4,0.469230769,0,0,82,"38,960",Fri
195,131,3,20110827,1,8,2011,1,5,0.473282443,0,0,83,"35,537",Sat
196,132,3,20110828,1,8,2011,1,0,0.46969697,0,0,84,"38,503",Sun
197,24,4,20170428,0,4,2017,0,2,0.5,0,0,75,"46,729",Fri
198,25,4,20170429,1,4,2017,0,3,0.52,1,0,74,"53,110",Sat
199,26,4,20170430,1,4,2017,1,4,0.538461538,0,0,72,"48,961",Sun
200,112,4,20160808,0,8,2016,0,3,0.5625,0,0.1,73,"48,370",Mon
201,113,4,20160809,0,8,2016,0,4,0.566371681,1,0.3,71,"42,859",Tue
202,114,4,20160810,0,8,2016,1,0,0.561403509,0,0.2,71,"41,098",Wed
203,84,4,20150706,0,7,2015,0,1,0.55952381,1,0,80,"45,180",Mon
204,85,4,20150707,0,7,2015,0,0,0.552941176,0,0,80,"46,614",Tue
205,86,4,20150708,0,7,2015,0,1,0.558139535,0,0,77,"45,135",Wed
206,87,4,20150709,0,7,2015,0,2,0.563218391,0,0,73,"41,290",Thu
207,20,4,20140421,0,4,2014,0,0,0.6,0,0,71,"37,715",Mon
208,21,4,20140422,0,4,2014,0,0,0.571428571,0,0,64,"44,826",Tue
209,22,4,20140423,0,4,2014,0,1,0.590909091,0,0,66,"40,776",Wed
210,23,4,20140424,0,4,2014,0,0,0.565217391,1,0,67,"51,699",Thu
211,78,4,20130627,0,6,2013,0,6,0.461538462,1,0,80,"51,037",Thu
212,79,4,20130628,0,6,2013,0,0,0.455696203,0,0,79,"48,828",Fri
213,80,4,20130629,1,6,2013,0,1,0.4625,0,0,84,"52,455",Sat
214,81,4,20130630,1,6,2013,1,2,0.469135802,0,0,82,"42,405",Sun
215,91,4,20120716,0,7,2012,0,0,0.527472527,0,0,65,"32,238",Mon
216,92,4,20120717,0,7,2012,0,0,0.52173913,0,0,67,"53,498",Tue
217,93,4,20120718,0,7,2012,1,1,0.52688172,0,0,71,"39,955",Wed
218,114,4,20110808,0,8,2011,0,0,0.456140351,0,0,72,"35,380",Mon
219,115,4,20110809,0,8,2011,0,0,0.452173913,1,0,70,"46,547",Tue
220,116,4,20110810,0,8,2011,1,0,0.448275862,0,0,70,"41,807",Wed
221,27,5,20170501,0,5,2017,0,0,0.518518519,0,0,72,"44,606",Mon
222,28,5,20170502,0,5,2017,0,1,0.535714286,0,0,71,"43,471",Tue
223,29,5,20170503,0,5,2017,0,0,0.517241379,0,0,70,"50,215",Wed
224,103,5,20170728,0,7,2017,0,6,0.699029126,0,0,86,"51,426",Fri
225,104,5,20170729,1,7,2017,1,7,0.701923077,0,0,84,"47,792",Sat
226,105,5,20170730,1,7,2017,0,8,0.704761905,0,0,84,"53,495",Sun
227,154,5,20170922,0,9,2017,0,2,0.636363636,0,0,67,"51,159",Fri
228,155,5,20170923,1,9,2017,0,0,0.632258065,0,0,66,"51,093",Sat
229,156,5,20170924,1,9,2017,1,1,0.634615385,0,0,74,"46,774",Sun
230,11,5,20160415,0,4,2016,0,3,0.636363636,0,0,66,"53,449",Fri
231,12,5,20160416,1,4,2016,0,0,0.583333333,0,0,71,"53,409",Sat
232,13,5,20160417,1,4,2016,0,1,0.615384615,0,0,72,"48,911",Sun
233,125,5,20160823,0,8,2016,0,3,0.56,0,0.1,71,"46,899",Tue
234,126,5,20160824,0,8,2016,0,4,0.563492063,0,0,71,"43,957",Wed
235,127,5,20160825,0,8,2016,0,0,0.559055118,1,0.2,71,"53,297",Thu
236,150,5,20160919,0,9,2016,0,1,0.566666667,0,0,74,"43,435",Mon
237,151,5,20160920,0,9,2016,0,0,0.562913907,1,0.7,80,"53,621",Tue
238,152,5,20160921,0,9,2016,0,1,0.565789474,0,0,79,"45,983",Wed
239,19,5,20150427,0,4,2015,0,1,0.631578947,0,0,78,"46,704",Mon
240,20,5,20150428,0,4,2015,0,0,0.6,0,0,81,"50,161",Tue
241,21,5,20150429,0,4,2015,0,1,0.619047619,0,0,83,"53,285",Wed
242,68,5,20150619,0,6,2015,0,0,0.558823529,0,0,87,"52,503",Fri
243,69,5,20150620,1,6,2015,1,0,0.550724638,0,0,88,"53,123",Sat
244,70,5,20150621,1,6,2015,0,1,0.557142857,0,0,86,"53,509",Sun
245,130,5,20150831,0,8,2015,0,1,0.561538462,0,0,77,"40,851",Mon
246,131,5,20150901,0,9,2015,0,2,0.564885496,1,0.3,74,"48,060",Tue
247,132,5,20150902,0,9,2015,0,3,0.568181818,0,0.6,72,"41,648",Wed
248,6,5,20140404,0,4,2014,1,0,0.666666667,0,0,56,"53,493",Fri
249,7,5,20140405,1,4,2014,1,0,0.571428571,0,0,60,"49,520",Sat
250,8,5,20140406,1,4,2014,0,1,0.625,0,0,66,"48,367",Sun
251,36,5,20140508,0,5,2014,0,0,0.527777778,0,0,64,"43,068",Thu
252,37,5,20140509,0,5,2014,0,0,0.513513514,0,0,69,"49,171",Fri
253,38,5,20140510,1,5,2014,1,1,0.526315789,0,0,70,"47,199",Sat
254,39,5,20140511,1,5,2014,1,0,0.512820513,0,0,69,"51,369",Sun
255,157,5,20140922,0,9,2014,0,0,0.566878981,0,0,81,"53,500",Mon
256,158,5,20140923,0,9,2014,0,1,0.569620253,0,0,80,"49,251",Tue
257,159,5,20140924,0,9,2014,0,2,0.572327044,0,0,85,"53,387",Wed
258,1,5,20130401,0,4,2013,1,1,1,0,0.3,56,"53,136",Mon
259,2,5,20130402,0,4,2013,0,0,0.5,0,0,62,"45,431",Tue
260,3,5,20130403,0,4,2013,0,0,0.333333333,0,0,67,"52,906",Wed
261,75,5,20130624,0,6,2013,0,3,0.44,0,0,65,"40,994",Mon
262,76,5,20130625,0,6,2013,0,4,0.447368421,0,0.1,69,"47,193",Tue
263,77,5,20130626,0,6,2013,0,5,0.454545455,0,0,77,"41,721",Wed
264,146,5,20130912,0,9,2013,0,1,0.589041096,1,0,77,"53,393",Thu
265,147,5,20130913,0,9,2013,0,0,0.585034014,0,0,82,"52,650",Fri
266,148,5,20130914,1,9,2013,0,0,0.581081081,0,0,83,"53,062",Sat
267,149,5,20130915,1,9,2013,1,0,0.577181208,0,0,83,"47,302",Sun
268,29,5,20120507,0,5,2012,0,1,0.655172414,0,0,62,"43,713",Mon
269,30,5,20120508,0,5,2012,0,0,0.633333333,0,0,72,"32,799",Tue
270,31,5,20120509,0,5,2012,0,1,0.64516129,0,0,71,"33,993",Wed
271,123,5,20120820,0,8,2012,0,0,0.544715447,0,0,80,"36,878",Mon
272,124,5,20120821,0,8,2012,0,0,0.540322581,1,0,80,"56,000",Tue
273,125,5,20120822,0,8,2012,0,0,0.536,0,0,77,"40,173",Wed
274,160,5,20121001,0,10,2012,0,6,0.53125,0,0,69,"33,624",Mon
275,161,5,20121002,0,10,2012,0,0,0.527950311,0,0,69,"42,473",Tue
276,162,5,20121003,0,10,2012,1,1,0.530864198,0,0,69,"34,014",Wed
277,1,5,20110331,0,3,2011,0,1,1,0,0,77,"56,000",Thu
278,2,5,20110401,0,4,2011,0,2,1,0,0,77,"44,834",Fri
279,3,5,20110402,1,4,2011,1,0,0.666666667,0,0,65,"40,809",Sat
280,4,5,20110403,1,4,2011,0,1,0.75,0,0.9,60,"50,896",Sun
281,44,5,20110518,0,5,2011,0,0,0.454545455,0,2.3,59,"30,421",Wed
282,45,5,20110519,0,5,2011,0,0,0.444444444,0,0,65,"34,248",Thu
283,153,5,20110920,0,9,2011,0,4,0.503267974,0,0,76,"32,526",Tue
284,154,5,20110921,0,9,2011,0,0,0.5,0,0,75,"32,334",Wed
285,155,5,20110922,0,9,2011,0,1,0.503225806,0,0,77,"37,560",Thu
286,32,6,20170508,0,5,2017,0,3,0.5625,0,0,64,"37,314",Mon
287,33,6,20170509,0,5,2017,0,4,0.575757576,0,0.1,61,"47,720",Tue
288,34,6,20170510,0,5,2017,0,5,0.588235294,1,0.4,63,"40,719",Wed
289,115,6,20160812,0,8,2016,0,0,0.556521739,0,0.1,71,"47,438",Fri
290,116,6,20160813,1,8,2016,1,1,0.560344828,0,0,74,"40,563",Sat
291,117,6,20160814,1,8,2016,1,0,0.555555556,0,0,75,"43,468",Sun
292,146,6,20150918,0,9,2015,0,2,0.582191781,0,0,78,"49,529",Fri
293,147,6,20150919,1,9,2015,0,0,0.578231293,0,0,82,"49,441",Sat
294,148,6,20150920,1,9,2015,1,0,0.574324324,0,0,86,"47,483",Sun
295,55,6,20140529,0,5,2014,0,0,0.527272727,0,0,74,"39,643",Thu
296,56,6,20140530,0,5,2014,0,0,0.517857143,0,0,74,"47,503",Fri
297,57,6,20140531,1,5,2014,1,1,0.526315789,0,0,74,"49,455",Sat
298,58,6,20140601,1,6,2014,0,0,0.517241379,0,0,73,"51,020",Sun
299,4,6,20130405,0,4,2013,0,1,0.5,0,0,63,"40,607",Fri
300,5,6,20130406,1,4,2013,0,2,0.6,0,0,66,"39,446",Sat
301,6,6,20130407,1,4,2013,1,3,0.666666667,0,0,69,"52,053",Sun
302,5,6,20120410,0,4,2012,1,1,0.8,0,0,55,"56,000",Tue
303,6,6,20120411,0,4,2012,0,2,0.833333333,0,19.1,52,"29,729",Wed
304,7,6,20120412,0,4,2012,0,3,0.857142857,0,0,55,"28,328",Thu
305,149,6,20110915,0,9,2011,0,0,0.489932886,0,0,71,"25,381",Thu
306,150,6,20110916,0,9,2011,0,1,0.493333333,0,0,68,"41,148",Fri
307,151,6,20110917,1,9,2011,0,2,0.496688742,0,0,68,"32,514",Sat
308,152,6,20110918,1,9,2011,1,3,0.5,0,0,74,"37,802",Sun
309,42,7,20170518,0,5,2017,0,2,0.571428571,0,0,65,"41,717",Thu
310,43,7,20170519,0,5,2017,0,3,0.581395349,0,0,71,"45,034",Fri
311,44,7,20170520,1,5,2017,0,0,0.568181818,0,0,78,"52,850",Sat
312,45,7,20170521,1,5,2017,1,1,0.577777778,0,0,73,"44,646",Sun
313,20,7,20160425,0,4,2016,0,0,0.6,1,0,63,"44,954",Mon
314,21,7,20160426,0,4,2016,0,0,0.571428571,0,0,63,"41,102",Tue
315,22,7,20160427,0,4,2016,0,0,0.545454545,0,0,62,"38,909",Wed
316,23,7,20160428,0,4,2016,0,0,0.52173913,0,0,64,"44,009",Thu
317,31,7,20150511,0,5,2015,0,4,0.677419355,0,0,76,"44,941",Mon
318,32,7,20150512,0,5,2015,0,5,0.6875,1,0,67,"49,628",Tue
319,33,7,20150513,0,5,2015,1,0,0.666666667,0,0,65,"38,316",Wed
320,40,7,20140512,0,5,2014,0,1,0.525,0,0,74,"37,187",Mon
321,41,7,20140513,0,5,2014,0,2,0.536585366,1,0,78,"50,349",Tue
322,42,7,20140514,0,5,2014,0,0,0.523809524,0,0,80,"39,498",Wed
323,34,7,20130510,0,5,2013,0,0,0.382352941,0,0,65,"41,721",Fri
324,35,7,20130511,1,5,2013,0,1,0.4,0,0,71,"42,208",Sat
325,36,7,20130512,1,5,2013,1,2,0.416666667,0,0,79,"43,959",Sun
326,126,7,20120824,0,8,2012,0,1,0.53968254,0,0,72,"39,805",Fri
327,127,7,20120825,1,8,2012,0,2,0.543307087,0,0,70,"40,284",Sat
328,128,7,20120826,1,8,2012,1,0,0.5390625,0,0,73,"41,907",Sun
329,46,8,20170523,0,5,2017,0,2,0.586956522,1,0,68,"41,248",Tue
330,47,8,20170524,0,5,2017,0,0,0.574468085,0,0,65,"40,653",Wed
331,48,8,20170525,0,5,2017,0,1,0.583333333,0,0,63,"47,427",Thu
332,36,8,20160513,0,5,2016,0,2,0.527777778,0,0,65,"46,716",Fri
333,37,8,20160514,1,5,2016,0,3,0.540540541,0,0.2,64,"48,459",Sat
334,38,8,20160515,1,5,2016,0,0,0.526315789,0,0.2,65,"51,350",Sun
335,54,8,20150604,0,6,2015,0,0,0.574074074,1,0,70,"45,058",Thu
336,55,8,20150605,0,6,2015,0,0,0.563636364,0,0.1,66,"44,649",Fri
337,56,8,20150606,1,6,2015,0,1,0.571428571,0,0,72,"47,655",Sat
338,57,8,20150607,1,6,2015,0,0,0.561403509,0,0,83,"41,500",Sun
339,81,8,20140626,0,6,2014,0,3,0.555555556,1,0,75,"48,624",Thu
340,82,8,20140627,0,6,2014,0,0,0.548780488,0,0,77,"48,159",Fri
341,83,8,20140628,1,6,2014,1,1,0.554216867,0,0,80,"50,910",Sat
342,84,8,20140629,1,6,2014,1,2,0.55952381,0,0,81,"47,739",Sun
343,46,8,20130524,0,5,2013,0,0,0.413043478,0,0,68,"45,134",Fri
344,47,8,20130525,1,5,2013,1,1,0.425531915,1,0,62,"49,368",Sat
345,48,8,20130526,1,5,2013,1,0,0.416666667,0,0,61,"43,244",Sun
346,39,8,20120518,0,5,2012,0,2,0.666666667,0,0,63,"40,906",Fri
347,40,8,20120519,1,5,2012,0,3,0.675,0,0,66,"39,383",Sat
348,41,8,20120520,1,5,2012,0,4,0.682926829,0,0,71,"44,005",Sun
349,144,8,20120913,0,9,2012,0,0,0.513888889,0,0,83,"43,309",Thu
350,145,8,20120914,0,9,2012,0,1,0.517241379,0,0,88,"40,167",Fri
351,146,8,20120915,1,9,2012,0,2,0.520547945,0,0,91,"42,449",Sat
352,147,8,20120916,1,9,2012,1,0,0.517006803,0,0,82,"35,754",Sun
353,13,8,20110414,0,4,2011,0,0,0.461538462,0,0,67,"34,288",Thu
354,14,8,20110415,0,4,2011,0,0,0.428571429,0,0,72,"36,282",Fri
355,15,8,20110416,1,4,2011,0,0,0.4,0,0,76,"31,614",Sat
356,16,8,20110417,1,4,2011,1,1,0.4375,0,0,73,"27,439",Sun
357,49,9,20170526,0,5,2017,0,2,0.591836735,0,0.3,63,"45,017",Fri
358,50,9,20170527,1,5,2017,1,3,0.6,0,0,64,"48,322",Sat
359,51,9,20170528,1,5,2017,1,4,0.607843137,0,0,65,"47,732",Sun
360,128,9,20160826,0,8,2016,0,0,0.5546875,0,0.2,68,"48,609",Fri
361,129,9,20160827,1,8,2016,1,1,0.558139535,0,0.2,69,"49,522",Sat
362,130,9,20160828,1,8,2016,1,2,0.561538462,0,0,71,"44,745",Sun
363,127,9,20150828,0,8,2015,0,4,0.559055118,0,0,86,"44,874",Fri
364,128,9,20150829,1,8,2015,0,5,0.5625,0,0,85,"51,697",Sat
365,129,9,20150830,1,8,2015,0,0,0.558139535,0,0,83,"46,679",Sun
366,110,9,20140801,0,8,2014,0,0,0.563636364,0,0,85,"47,900",Fri
367,111,9,20140802,1,8,2014,0,1,0.567567568,0,0.1,83,"53,354",Sat
368,112,9,20140803,1,8,2014,1,0,0.5625,0,0.9,84,"44,713",Sun
369,131,9,20130826,0,8,2013,0,1,0.58778626,0,0,83,"40,965",Mon
370,132,9,20130827,0,8,2013,0,0,0.583333333,1,0,84,"52,326",Tue
371,133,9,20130828,0,8,2013,1,1,0.586466165,0,0,84,"38,851",Wed
372,107,9,20120803,0,8,2012,0,1,0.53271028,0,0,70,"43,537",Fri
373,108,9,20120804,1,8,2012,0,2,0.537037037,0,0,72,"46,588",Sat
374,109,9,20120805,1,8,2012,1,3,0.541284404,0,0,76,"42,495",Sun
375,30,9,20110502,0,5,2011,0,1,0.5,0,0,73,"30,239",Mon
376,31,9,20110503,0,5,2011,0,0,0.483870968,0,0,78,"38,017",Tue
377,32,9,20110504,0,5,2011,1,0,0.46875,0,0,79,"28,419",Wed
378,59,10,20170605,0,6,2017,0,0,0.593220339,0,0,67,"46,289",Mon
379,60,10,20170606,0,6,2017,0,0,0.583333333,1,0,67,"44,250",Tue
380,61,10,20170607,0,6,2017,1,1,0.590163934,0,0,66,"43,230",Wed
381,72,10,20160620,0,6,2016,0,4,0.541666667,0,0,84,"44,712",Mon
382,73,10,20160621,0,6,2016,0,5,0.547945205,0,0,79,"42,307",Tue
383,74,10,20160622,0,6,2016,0,6,0.554054054,1,0,75,"43,776",Wed
384,112,10,20150810,0,8,2015,0,0,0.553571429,0,0,79,"45,722",Mon
385,113,10,20150811,0,8,2015,0,1,0.557522124,0,0,83,"49,384",Tue
386,114,10,20150812,0,8,2015,0,2,0.561403509,0,0,76,"44,911",Wed
387,138,10,20140901,0,9,2014,0,0,0.557971014,0,0,82,"41,857",Mon
388,139,10,20140902,0,9,2014,0,1,0.561151079,1,0,80,"43,352",Tue
389,140,10,20140903,0,9,2014,1,0,0.557142857,0,0,78,"38,404",Wed
390,37,10,20130513,0,5,2013,0,0,0.405405405,0,0,84,"32,337",Mon
391,38,10,20130514,0,5,2013,0,1,0.421052632,1,0,74,"51,729",Tue
392,39,10,20130515,0,5,2013,0,2,0.435897436,0,0,64,"36,721",Wed
393,20,10,20120427,0,4,2012,0,1,0.7,0,0,62,"44,807",Fri
394,21,10,20120428,1,4,2012,0,2,0.714285714,1,0,68,"54,242",Sat
395,22,10,20120429,1,4,2012,1,3,0.727272727,0,0,66,"48,753",Sun
396,99,10,20110722,0,7,2011,0,0,0.434343434,0,0,72,"39,839",Fri
397,100,10,20110723,1,7,2011,0,1,0.44,0,0,70,"34,590",Sat
398,101,10,20110724,1,7,2011,1,2,0.445544554,0,0,72,"36,458",Sun
399,62,11,20170609,0,6,2017,0,2,0.596774194,0,0,67,"44,036",Fri
400,63,11,20170610,1,6,2017,0,3,0.603174603,0,0,66,"43,439",Sat
401,64,11,20170611,1,6,2017,1,4,0.609375,0,0.4,64,"42,674",Sun
402,46,11,20160523,0,5,2016,0,2,0.5,0,0,62,"42,519",Mon
403,47,11,20160524,0,5,2016,0,3,0.510638298,0,0,61,"42,278",Tue
404,48,11,20160525,0,5,2016,0,4,0.520833333,1,0.1,60,"44,855",Wed
405,115,11,20150813,0,8,2015,0,0,0.556521739,1,0,82,"47,216",Thu
406,116,11,20150814,0,8,2015,0,1,0.560344828,0,0,82,"43,407",Fri
407,117,11,20150815,1,8,2015,0,2,0.564102564,0,0,85,"46,807",Sat
408,118,11,20150816,1,8,2015,1,3,0.56779661,0,0,85,"47,388",Sun
409,52,11,20140526,0,5,2014,0,2,0.538461538,0,0,77,"45,505",Mon
410,53,11,20140527,0,5,2014,0,3,0.547169811,1,0,76,"46,013",Tue
411,54,11,20140528,0,5,2014,0,0,0.537037037,0,0,74,"41,129",Wed
412,101,11,20130725,0,7,2013,0,0,0.524752475,1,0,75,"53,275",Thu
413,102,11,20130726,0,7,2013,0,1,0.529411765,0,0,72,"51,841",Fri
414,103,11,20130727,1,7,2013,0,2,0.533980583,0,0.2,70,"52,675",Sat
415,104,11,20130728,1,7,2013,1,3,0.538461538,0,0.7,68,"48,671",Sun
416,81,11,20120702,0,7,2012,0,0,0.543209877,0,0,69,"34,493",Mon
417,82,11,20120703,0,7,2012,0,1,0.548780488,0,0,68,"33,884",Tue
418,83,11,20120704,0,7,2012,0,2,0.554216867,0,0,68,"53,570",Wed
419,68,11,20110613,0,6,2011,0,0,0.455882353,0,0.2,66,"31,372",Mon
420,69,11,20110614,0,6,2011,0,0,0.449275362,1,0,69,"39,233",Tue
421,70,11,20110615,0,6,2011,1,0,0.442857143,0,0,67,"30,443",Wed
422,71,12,20170619,0,6,2017,0,4,0.633802817,0,0,74,"43,266",Mon
423,72,12,20170620,0,6,2017,0,5,0.638888889,0,0,75,"47,715",Tue
424,73,12,20170621,0,6,2017,0,6,0.643835616,1,0,75,"42,330",Wed
425,74,12,20170622,0,6,2017,0,7,0.648648649,0,0,70,"45,967",Thu
426,32,12,20160509,0,5,2016,0,0,0.5,0,0,61,"42,186",Mon
427,33,12,20160510,0,5,2016,0,1,0.515151515,0,0.2,63,"38,858",Tue
428,34,12,20160511,0,5,2016,0,0,0.5,1,0.1,64,"40,970",Wed
429,35,12,20160512,0,5,2016,0,1,0.514285714,0,0,69,"41,765",Thu
430,81,12,20150703,0,7,2015,0,0,0.555555556,0,0,83,"52,570",Fri
431,82,12,20150704,1,7,2015,1,1,0.56097561,0,0,83,"51,252",Sat
432,83,12,20150705,1,7,2015,1,0,0.554216867,0,0,80,"40,027",Sun
433,130,12,20140822,0,8,2014,0,2,0.561538462,0,0,77,"44,374",Fri
434,131,12,20140823,1,8,2014,0,3,0.564885496,0,0,78,"51,215",Sat
435,132,12,20140824,1,8,2014,1,0,0.560606061,0,0,77,"47,290",Sun
436,118,12,20130812,0,8,2013,0,6,0.576271186,0,0,75,"42,915",Mon
437,119,12,20130813,0,8,2013,0,7,0.579831933,0,0,77,"46,335",Tue
438,120,12,20130814,0,8,2013,0,8,0.583333333,0,0,80,"44,091",Wed
439,77,12,20120628,0,6,2012,0,0,0.558441558,1,0,74,"49,006",Thu
440,78,12,20120629,0,6,2012,0,0,0.551282051,0,0,76,"49,763",Fri
441,79,12,20120630,1,6,2012,1,0,0.544303797,0,0,74,"44,217",Sat
442,80,12,20120701,1,7,2012,0,1,0.55,0,0,70,"55,359",Sun
443,86,12,20110704,0,7,2011,0,0,0.430232558,0,0,79,"56,000",Mon
444,87,12,20110705,0,7,2011,0,0,0.425287356,0,0,79,"32,329",Tue
445,88,12,20110706,0,7,2011,0,0,0.420454545,0,0,79,"31,005",Wed
446,89,12,20110707,0,7,2011,0,1,0.426966292,1,0,80,"56,000",Thu
447,78,13,20170626,0,6,2017,0,0,0.653846154,0,0,78,"43,126",Mon
448,79,13,20170627,0,6,2017,0,1,0.658227848,0,0,74,"47,245",Tue
449,39,13,20160516,0,5,2016,0,0,0.512820513,0,0,63,"39,583",Mon
450,40,13,20160517,0,5,2016,0,1,0.525,0,0,63,"42,514",Tue
451,103,13,20150731,0,7,2015,0,2,0.563106796,0,0,84,"53,380",Fri
452,104,13,20150801,1,8,2015,1,3,0.567307692,0,0,83,"52,979",Sat
453,105,13,20150802,1,8,2015,1,4,0.571428571,0,0,86,"52,116",Sun
454,113,13,20140804,0,8,2014,0,0,0.557522124,0,0,80,"53,166",Mon
455,114,13,20140805,0,8,2014,0,1,0.561403509,0,0,77,"53,051",Tue
456,49,13,20130527,0,5,2013,0,1,0.428571429,0,0.1,64,"49,953",Mon
457,50,13,20130528,0,5,2013,0,2,0.44,0,0,72,"46,443",Tue
458,62,13,20120611,0,6,2012,0,0,0.629032258,0,0,65,"50,559",Mon
459,63,13,20120612,0,6,2012,0,1,0.634920635,1,0,67,"55,279",Tue
460,64,13,20120613,0,6,2012,0,0,0.625,0,0,67,"43,494",Wed
461,77,13,20110624,0,6,2011,0,0,0.441558442,0,0,71,"43,640",Fri
462,78,13,20110625,1,6,2011,1,0,0.435897436,0,0,72,"41,108",Sat
463,79,13,20110626,1,6,2011,1,1,0.443037975,0,0,73,"43,104",Sun
464,88,14,20170707,0,7,2017,0,4,0.670454545,0,0,94,"48,017",Fri
465,89,14,20170708,1,7,2017,1,5,0.674157303,0,0.1,96,"45,225",Sat
466,90,14,20170709,1,7,2017,1,6,0.677777778,0,0,87,"41,524",Sun
467,96,15,20170720,0,7,2017,0,0,0.6875,0,0,84,"45,636",Thu
468,97,15,20170721,0,7,2017,0,0,0.680412371,0,0,85,"46,083",Fri
469,98,15,20170722,1,7,2017,0,1,0.683673469,0,0,87,"47,497",Sat
470,99,15,20170723,1,7,2017,1,2,0.686868687,0,0,84,"44,701",Sun
471,56,15,20160603,0,6,2016,0,1,0.517857143,0,0,73,"46,366",Fri
472,57,15,20160604,1,6,2016,0,2,0.526315789,0,0,71,"47,126",Sat
473,58,15,20160605,1,6,2016,1,3,0.534482759,0,0,69,"47,950",Sun
474,44,15,20150525,0,5,2015,0,1,0.613636364,0,0,69,"44,680",Mon
475,45,15,20150526,0,5,2015,0,2,0.622222222,0,0,72,"40,667",Tue
476,46,15,20150527,0,5,2015,0,0,0.608695652,0,0,71,"37,837",Wed
477,107,15,20140729,0,7,2014,0,4,0.560747664,0,0,82,"49,630",Tue
478,108,15,20140730,0,7,2014,0,5,0.564814815,0,0,85,"47,386",Wed
479,109,15,20140731,0,7,2014,0,6,0.568807339,1,0,86,"51,163",Thu
480,59,15,20130606,0,6,2013,0,1,0.440677966,1,0.1,66,"44,196",Thu
481,60,15,20130607,0,6,2013,0,2,0.45,0,0.1,65,"47,164",Fri
482,61,15,20130608,1,6,2013,0,0,0.442622951,0,0,65,"52,716",Sat
483,62,15,20130609,1,6,2013,1,0,0.435483871,0,0,67,"39,028",Sun
484,17,15,20120423,0,4,2012,0,1,0.764705882,0,0.8,58,"26,376",Mon
485,18,15,20120424,0,4,2012,0,0,0.722222222,0,0,60,"44,014",Tue
486,19,15,20120425,0,4,2012,0,0,0.684210526,0,14.8,62,"26,345",Wed
487,17,15,20110418,0,4,2011,0,2,0.470588235,0,0,60,"28,292",Mon
488,18,15,20110419,0,4,2011,0,0,0.444444444,0,0.1,61,"41,596",Tue
489,19,15,20110420,0,4,2011,0,1,0.473684211,0,0,63,"29,473",Wed
490,20,15,20110421,0,4,2011,1,2,0.5,0,0,60,"30,711",Thu
491,100,16,20170724,0,7,2017,0,3,0.69,0,0.7,81,"47,754",Mon
492,101,16,20170725,0,7,2017,0,4,0.693069307,0,0,83,"44,403",Tue
493,102,16,20170726,0,7,2017,0,5,0.696078431,1,0,86,"50,941",Wed
494,118,17,20170815,0,8,2017,0,3,0.711864407,1,0.6,71,"46,385",Tue
495,119,17,20170816,0,8,2017,0,4,0.714285714,0,0,71,"52,413",Wed
496,59,17,20140602,0,6,2014,0,1,0.525423729,0,0,69,"37,336",Mon
497,60,17,20140603,0,6,2014,0,0,0.516666667,0,0,73,"44,477",Tue
498,61,17,20140604,0,6,2014,0,0,0.508196721,0,0,74,"45,540",Wed
499,65,17,20120615,0,6,2012,0,1,0.630769231,0,0.1,64,"40,432",Fri
500,66,17,20120616,1,6,2012,0,0,0.621212121,0,0.1,68,"45,210",Sat
501,67,17,20120617,1,6,2012,1,1,0.626865672,0,0,75,"53,504",Sun
502,127,18,20170825,0,8,2017,0,2,0.716535433,0,0,75,"52,455",Fri
503,128,18,20170826,1,8,2017,0,0,0.7109375,0,0,76,"52,345",Sat
504,129,18,20170827,1,8,2017,1,0,0.705426357,0,0,78,"51,355",Sun
505,68,18,20160616,0,6,2016,0,0,0.514705882,0,0,67,"44,183",Thu
506,69,18,20160617,0,6,2016,0,1,0.52173913,0,0,70,"44,998",Fri
507,70,18,20160618,1,6,2016,0,2,0.528571429,0,0,75,"44,112",Sat
508,71,18,20160619,1,6,2016,1,3,0.535211268,0,0,83,"45,931",Sun
509,88,18,20150710,0,7,2015,0,3,0.568181818,0,0,72,"44,200",Fri
510,89,18,20150711,1,7,2015,0,0,0.561797753,1,0,77,"49,081",Sat
511,90,18,20150712,1,7,2015,1,1,0.566666667,0,0,80,"43,229",Sun
512,124,18,20140815,0,8,2014,0,0,0.564516129,0,0,81,"47,272",Fri
513,125,18,20140816,1,8,2014,0,0,0.56,0,0,84,"50,849",Sat
514,126,18,20140817,1,8,2014,1,0,0.555555556,0,0,83,"43,357",Sun
515,22,18,20130426,0,4,2013,0,2,0.5,0,0,62,"44,930",Fri
516,23,18,20130427,1,4,2013,0,0,0.47826087,0,0,68,"50,224",Sat
517,24,18,20130428,1,4,2013,1,1,0.5,0,0,64,"49,003",Sun
518,48,18,20120528,0,5,2012,0,0,0.666666667,0,0,71,"38,016",Mon
519,49,18,20120529,0,5,2012,0,0,0.653061224,1,0,65,"51,137",Tue
520,50,18,20120530,0,5,2012,0,0,0.64,0,0,65,"25,509",Wed
521,51,18,20120531,0,5,2012,0,0,0.62745098,0,0,69,"26,773",Thu
522,42,18,20110516,0,5,2011,0,0,0.452380952,0,0,59,"35,346",Mon
523,43,18,20110517,0,5,2011,0,1,0.465116279,1,4.7,56,"42,138",Tue
524,85,19,20160704,0,7,2016,0,5,0.564705882,0,0.2,69,"47,378",Mon
525,86,19,20160705,0,7,2016,0,0,0.558139535,0,0.3,65,"45,373",Tue
526,87,19,20160706,0,7,2016,1,0,0.551724138,0,0.2,67,"40,899",Wed
527,101,20,20160726,0,7,2016,0,3,0.564356436,1,0,76,"46,960",Tue
528,102,20,20160727,0,7,2016,1,0,0.558823529,0,0,77,"43,576",Wed
529,115,20,20130809,0,8,2013,0,3,0.565217391,0,0,73,"51,083",Fri
530,116,20,20130810,1,8,2013,1,4,0.568965517,1,0,73,"52,619",Sat
531,117,20,20130811,1,8,2013,0,5,0.572649573,0,0,76,"52,248",Sun
532,109,21,20160805,0,8,2016,0,0,0.550458716,0,0.2,73,"52,728",Fri
533,110,21,20160806,1,8,2016,1,1,0.554545455,0,0.2,72,"47,696",Sat
534,111,21,20160807,1,8,2016,1,2,0.558558559,0,0.1,74,"50,640",Sun
535,128,21,20130823,0,8,2013,0,4,0.59375,0,0,80,"50,240",Fri
536,129,21,20130824,1,8,2013,1,0,0.589147287,0,0,80,"48,165",Sat
537,130,21,20130825,1,8,2013,0,0,0.584615385,0,0,81,"44,109",Sun
538,7,22,20150413,0,4,2015,0,2,0.571428571,0,0,73,"42,202",Mon
539,8,22,20150414,0,4,2015,0,3,0.625,0,0,72,"43,115",Tue
540,9,22,20150415,0,4,2015,0,4,0.666666667,0,0,75,"51,287",Wed
541,66,23,20150617,0,6,2015,0,0,0.560606061,0,0,86,"42,906",Wed
542,67,23,20150618,0,6,2015,0,1,0.567164179,0,0,85,"46,977",Thu
543,101,24,20150728,0,7,2015,0,0,0.554455446,0,0,87,"50,182",Tue
544,102,24,20150729,0,7,2015,0,1,0.558823529,1,0,91,"51,788",Wed
545,9,25,20140408,0,4,2014,0,2,0.666666667,0,0,73,"53,231",Tue
546,10,25,20140409,0,4,2014,0,0,0.6,0,0,70,"42,687",Wed
547,74,25,20110620,0,6,2011,0,2,0.445945946,0,0,70,"29,355",Mon
548,75,25,20110621,0,6,2011,0,3,0.453333333,0,0,72,"37,769",Tue
549,76,25,20110622,0,6,2011,1,0,0.447368421,0,0,70,"30,332",Wed
550,85,26,20140630,0,6,2014,0,3,0.564705882,0,0,80,"45,627",Mon
551,86,26,20140701,0,7,2014,0,0,0.558139535,0,0,80,"46,300",Tue
552,87,26,20140702,0,7,2014,1,0,0.551724138,0,0,78,"50,199",Wed
553,105,27,20130730,0,7,2013,0,4,0.542857143,0,0.2,67,"52,447",Tue
554,106,27,20130731,0,7,2013,0,0,0.537735849,0,0.1,64,"53,013",Wed
555,45,28,20120525,0,5,2012,0,0,0.666666667,0,0.1,59,"36,283",Fri
556,46,28,20120526,1,5,2012,0,1,0.673913043,0,0,62,"36,561",Sat
557,47,28,20120527,1,5,2012,1,2,0.680851064,0,0,66,"33,306",Sun
558,71,28,20110617,0,6,2011,0,0,0.436619718,0,0,63,"35,053",Fri
559,72,28,20110618,1,6,2011,0,0,0.430555556,0,0,65,"36,124",Sat
560,73,28,20110619,1,6,2011,1,1,0.438356164,0,0.1,63,"44,665",Sun
561,117,28,20110812,0,8,2011,0,1,0.452991453,0,0,68,"33,642",Fri
562,118,28,20110813,1,8,2011,0,2,0.457627119,0,0,73,"36,111",Sat
563,119,28,20110814,1,8,2011,1,3,0.462184874,0,0,71,"36,339",Sun
564,52,29,20110527,0,5,2011,0,1,0.442307692,0,0,74,"34,407",Fri
565,53,29,20110528,1,5,2011,0,0,0.433962264,0,0,69,"29,971",Sat
566,54,29,20110529,1,5,2011,1,1,0.444444444,0,0.2,63,"30,621",Sun